pair	system	id	is_constrained	metric	score
de-fr	LT22	623	TRUE	bleu-all	28.348353005759414
de-fr	LT22	623	TRUE	chrf-all	54.41628687117013
de-fr	LT22	623	TRUE	COMET-A	0.10446136037635076
de-fr	LT22	623	TRUE	bleu-A	28.348353005759414
de-fr	LT22	623	TRUE	chrf-A	54.41628687117013
de-fr	Online-W	962	FALSE	bleu-all	43.562844354393
de-fr	Online-W	962	FALSE	chrf-all	65.48910911062498
de-fr	Online-W	962	FALSE	COMET-A	0.6364042166434604
de-fr	Online-W	962	FALSE	bleu-A	43.562844354393
de-fr	Online-W	962	FALSE	chrf-A	65.48910911062498
de-fr	Online-A	906	FALSE	bleu-all	41.32854247947841
de-fr	Online-A	906	FALSE	chrf-all	64.49004894776584
de-fr	Online-A	906	FALSE	COMET-A	0.5219939793328634
de-fr	Online-A	906	FALSE	bleu-A	41.32854247947841
de-fr	Online-A	906	FALSE	chrf-A	64.49004894776584
de-fr	Online-G	871	FALSE	bleu-all	38.96738507286565
de-fr	Online-G	871	FALSE	chrf-all	62.66155000284276
de-fr	Online-G	871	FALSE	COMET-A	0.4484824879177576
de-fr	Online-G	871	FALSE	bleu-A	38.96738507286565
de-fr	Online-G	871	FALSE	chrf-A	62.66155000284276
de-fr	Online-Y	978	FALSE	bleu-all	46.16720197541802
de-fr	Online-Y	978	FALSE	chrf-all	66.78300339690864
de-fr	Online-Y	978	FALSE	COMET-A	0.5778373511021792
de-fr	Online-Y	978	FALSE	bleu-A	46.16720197541802
de-fr	Online-Y	978	FALSE	chrf-A	66.78300339690864
de-fr	Online-B	926	FALSE	bleu-all	58.37783086666244
de-fr	Online-B	926	FALSE	chrf-all	74.62336556669948
de-fr	Online-B	926	FALSE	COMET-A	0.7048970152015588
de-fr	Online-B	926	FALSE	bleu-A	58.37783086666244
de-fr	Online-B	926	FALSE	chrf-A	74.62336556669948
en-liv	NiuTrans	849	TRUE	bleu-all	12.310365937400238
en-liv	NiuTrans	849	TRUE	chrf-all	30.508709749143375
en-liv	NiuTrans	849	TRUE	COMET-A	-0.8193802189392349
en-liv	NiuTrans	849	TRUE	bleu-A	12.310365937400238
en-liv	NiuTrans	849	TRUE	chrf-A	30.508709749143375
en-liv	TartuNLP	770	FALSE	bleu-all	14.98621222598228
en-liv	TartuNLP	770	FALSE	chrf-all	39.21844948578774
en-liv	TartuNLP	770	FALSE	COMET-A	-0.36806919994719683
en-liv	TartuNLP	770	FALSE	bleu-A	14.98621222598228
en-liv	TartuNLP	770	FALSE	chrf-A	39.21844948578774
en-liv	TAL-SJTU	856	FALSE	bleu-all	4.478025651457541
en-liv	TAL-SJTU	856	FALSE	chrf-all	20.636307429331065
en-liv	TAL-SJTU	856	FALSE	COMET-A	-0.8520842592675416
en-liv	TAL-SJTU	856	FALSE	bleu-A	4.478025651457541
en-liv	TAL-SJTU	856	FALSE	chrf-A	20.636307429331065
en-liv	Liv4ever	225	FALSE	bleu-all	4.140434722065507
en-liv	Liv4ever	225	FALSE	chrf-all	19.19117874219824
en-liv	Liv4ever	225	FALSE	COMET-A	-0.912066848607113
en-liv	Liv4ever	225	FALSE	bleu-A	4.140434722065507
en-liv	Liv4ever	225	FALSE	chrf-A	19.19117874219824
en-liv	HuaweiTSC	738	FALSE	bleu-all	12.795887005342657
en-liv	HuaweiTSC	738	FALSE	chrf-all	37.659273254713796
en-liv	HuaweiTSC	738	FALSE	COMET-A	-0.3889363945860948
en-liv	HuaweiTSC	738	FALSE	bleu-A	12.795887005342657
en-liv	HuaweiTSC	738	FALSE	chrf-A	37.659273254713796
ru-en	Lan-Bridge	589	FALSE	bleu-all	45.2178492467122
ru-en	Lan-Bridge	589	FALSE	chrf-all	68.4990660067645
ru-en	Lan-Bridge	589	FALSE	COMET-A	0.6309546595115939
ru-en	Lan-Bridge	589	FALSE	bleu-A	45.2178492467122
ru-en	Lan-Bridge	589	FALSE	chrf-A	68.4990660067645
ru-en	PROMT	70	FALSE	bleu-all	42.99522680983518
ru-en	PROMT	70	FALSE	chrf-all	67.31510543142866
ru-en	PROMT	70	FALSE	COMET-A	0.5931928350335165
ru-en	PROMT	70	FALSE	bleu-A	42.99522680983518
ru-en	PROMT	70	FALSE	chrf-A	67.31510543142866
ru-en	ALMAnaCH-Inria	710	TRUE	bleu-all	30.329767037632077
ru-en	ALMAnaCH-Inria	710	TRUE	chrf-all	57.891990033665806
ru-en	ALMAnaCH-Inria	710	TRUE	COMET-A	0.2683515684644041
ru-en	ALMAnaCH-Inria	710	TRUE	bleu-A	30.329767037632077
ru-en	ALMAnaCH-Inria	710	TRUE	chrf-A	57.891990033665806
ru-en	Online-A	913	FALSE	bleu-all	43.90652178748972
ru-en	Online-A	913	FALSE	chrf-all	68.32630676151024
ru-en	Online-A	913	FALSE	COMET-A	0.6218763159159275
ru-en	Online-A	913	FALSE	bleu-A	43.90652178748972
ru-en	Online-A	913	FALSE	chrf-A	68.32630676151024
ru-en	JDExploreAcademy	769	TRUE	bleu-all	45.060336323496415
ru-en	JDExploreAcademy	769	TRUE	chrf-all	68.92081816545942
ru-en	JDExploreAcademy	769	TRUE	COMET-A	0.6486081853998633
ru-en	JDExploreAcademy	769	TRUE	bleu-A	45.060336323496415
ru-en	JDExploreAcademy	769	TRUE	chrf-A	68.92081816545942
ru-en	Online-W	967	FALSE	bleu-all	42.63703827510111
ru-en	Online-W	967	FALSE	chrf-all	66.3252289535177
ru-en	Online-W	967	FALSE	COMET-A	0.6157786323105
ru-en	Online-W	967	FALSE	bleu-A	42.63703827510111
ru-en	Online-W	967	FALSE	chrf-A	66.3252289535177
ru-en	Online-G	861	FALSE	bleu-all	46.667949843374494
ru-en	Online-G	861	FALSE	chrf-all	70.01093173870036
ru-en	Online-G	861	FALSE	COMET-A	0.6514621353079935
ru-en	Online-G	861	FALSE	bleu-A	46.667949843374494
ru-en	Online-G	861	FALSE	chrf-A	70.01093173870036
ru-en	Online-Y	984	FALSE	bleu-all	43.83395539346451
ru-en	Online-Y	984	FALSE	chrf-all	68.22118146919581
ru-en	Online-Y	984	FALSE	COMET-A	0.6407156343200422
ru-en	Online-Y	984	FALSE	bleu-A	43.83395539346451
ru-en	Online-Y	984	FALSE	chrf-A	68.22118146919581
ru-en	Online-B	934	FALSE	bleu-all	45.02874571226092
ru-en	Online-B	934	FALSE	chrf-all	68.28870180079053
ru-en	Online-B	934	FALSE	COMET-A	0.6310387822625686
ru-en	Online-B	934	FALSE	bleu-A	45.02874571226092
ru-en	Online-B	934	FALSE	chrf-A	68.28870180079053
ru-en	SRPOL	666	TRUE	bleu-all	43.58706775074077
ru-en	SRPOL	666	TRUE	chrf-all	67.21834015903187
ru-en	SRPOL	666	TRUE	COMET-A	0.594503806156498
ru-en	SRPOL	666	TRUE	bleu-A	43.58706775074077
ru-en	SRPOL	666	TRUE	chrf-A	67.21834015903187
ru-en	HuaweiTSC	836	TRUE	bleu-all	45.08046045113145
ru-en	HuaweiTSC	836	TRUE	chrf-all	68.49109372927302
ru-en	HuaweiTSC	836	TRUE	COMET-A	0.6090114732745976
ru-en	HuaweiTSC	836	TRUE	bleu-A	45.08046045113145
ru-en	HuaweiTSC	836	TRUE	chrf-A	68.49109372927302
en-hr	NiuTrans	848	TRUE	bleu-all	41.40227908983741
en-hr	NiuTrans	848	TRUE	chrf-all	61.47710645582978
en-hr	NiuTrans	848	TRUE	COMET-stud	0.6344802914268685
en-hr	NiuTrans	848	TRUE	bleu-stud	28.113506812245145
en-hr	NiuTrans	848	TRUE	chrf-stud	55.606812816695474
en-hr	NiuTrans	848	TRUE	COMET-A	0.6554439577699278
en-hr	NiuTrans	848	TRUE	bleu-A	29.335167097130803
en-hr	NiuTrans	848	TRUE	chrf-A	56.306436301427375
en-hr	Lan-Bridge	554	FALSE	bleu-all	43.96854028817169
en-hr	Lan-Bridge	554	FALSE	chrf-all	63.711586946858034
en-hr	Lan-Bridge	554	FALSE	COMET-stud	0.7665910093032408
en-hr	Lan-Bridge	554	FALSE	bleu-stud	29.733909103935286
en-hr	Lan-Bridge	554	FALSE	chrf-stud	57.40083277034632
en-hr	Lan-Bridge	554	FALSE	COMET-A	0.7956004639644954
en-hr	Lan-Bridge	554	FALSE	bleu-A	31.4720415315978
en-hr	Lan-Bridge	554	FALSE	chrf-A	58.46160357606702
en-hr	Online-A	908	FALSE	bleu-all	41.05369511993293
en-hr	Online-A	908	FALSE	chrf-all	61.692551769309425
en-hr	Online-A	908	FALSE	COMET-stud	0.6713390074868729
en-hr	Online-A	908	FALSE	bleu-stud	28.117799390483224
en-hr	Online-A	908	FALSE	chrf-stud	55.87006314340527
en-hr	Online-A	908	FALSE	COMET-A	0.6947230395322018
en-hr	Online-A	908	FALSE	bleu-A	29.115268447179037
en-hr	Online-A	908	FALSE	chrf-A	56.54409891371186
en-hr	Online-G	873	FALSE	bleu-all	35.401939118738554
en-hr	Online-G	873	FALSE	chrf-all	57.77646086239445
en-hr	Online-G	873	FALSE	COMET-stud	0.6301735939969655
en-hr	Online-G	873	FALSE	bleu-stud	24.2552462297071
en-hr	Online-G	873	FALSE	chrf-stud	52.514113948374344
en-hr	Online-G	873	FALSE	COMET-A	0.6420419666178208
en-hr	Online-G	873	FALSE	bleu-A	25.70113227549684
en-hr	Online-G	873	FALSE	chrf-A	53.213452914183826
en-hr	Online-Y	980	FALSE	bleu-all	37.03017552184856
en-hr	Online-Y	980	FALSE	chrf-all	59.15594587305504
en-hr	Online-Y	980	FALSE	COMET-stud	0.5506339046083065
en-hr	Online-Y	980	FALSE	bleu-stud	25.072867960294797
en-hr	Online-Y	980	FALSE	chrf-stud	53.62543432695045
en-hr	Online-Y	980	FALSE	COMET-A	0.5668870130044429
en-hr	Online-Y	980	FALSE	bleu-A	26.580660939162964
en-hr	Online-Y	980	FALSE	chrf-A	54.348190420316946
en-hr	Online-B	928	FALSE	bleu-all	44.170822818045245
en-hr	Online-B	928	FALSE	chrf-all	63.81317474531405
en-hr	Online-B	928	FALSE	COMET-stud	0.7758918974820562
en-hr	Online-B	928	FALSE	bleu-stud	29.83031664161195
en-hr	Online-B	928	FALSE	chrf-stud	57.55513030455421
en-hr	Online-B	928	FALSE	COMET-A	0.8037778170660076
en-hr	Online-B	928	FALSE	bleu-A	31.503888516219046
en-hr	Online-B	928	FALSE	chrf-A	58.526771956313226
en-hr	SRPOL	831	TRUE	bleu-all	40.77650374636288
en-hr	SRPOL	831	TRUE	chrf-all	61.39398011708296
en-hr	SRPOL	831	TRUE	COMET-stud	0.6759255398577608
en-hr	SRPOL	831	TRUE	bleu-stud	27.757924177714717
en-hr	SRPOL	831	TRUE	chrf-stud	55.632611879273355
en-hr	SRPOL	831	TRUE	COMET-A	0.6939100288556925
en-hr	SRPOL	831	TRUE	bleu-A	29.073854248984173
en-hr	SRPOL	831	TRUE	chrf-A	56.30648788839461
en-hr	HuaweiTSC	751	TRUE	bleu-all	42.06938941251049
en-hr	HuaweiTSC	751	TRUE	chrf-all	61.83895978525447
en-hr	HuaweiTSC	751	TRUE	COMET-stud	0.6633836138873115
en-hr	HuaweiTSC	751	TRUE	bleu-stud	28.55838438902037
en-hr	HuaweiTSC	751	TRUE	chrf-stud	56.08490635555305
en-hr	HuaweiTSC	751	TRUE	COMET-A	0.676244056324922
en-hr	HuaweiTSC	751	TRUE	bleu-A	29.8810342396621
en-hr	HuaweiTSC	751	TRUE	chrf-A	56.79576862631269
en-zh	Lan-Bridge	714	FALSE	bleu-all	66.54672293704512
en-zh	Lan-Bridge	714	FALSE	chrf-all	53.65026504081351
en-zh	Lan-Bridge	714	FALSE	COMET-B	0.6940602989356177
en-zh	Lan-Bridge	714	FALSE	bleu-B	56.001979293700266
en-zh	Lan-Bridge	714	FALSE	chrf-B	49.22034708184195
en-zh	Lan-Bridge	714	FALSE	COMET-A	0.613557423008208
en-zh	Lan-Bridge	714	FALSE	bleu-A	48.270436156858345
en-zh	Lan-Bridge	714	FALSE	chrf-A	42.83241752217511
en-zh	Online-B	931	FALSE	bleu-all	79.99423783588395
en-zh	Online-B	931	FALSE	chrf-all	70.34798983625518
en-zh	Online-B	931	FALSE	COMET-B	0.8040602861551104
en-zh	Online-B	931	FALSE	bleu-B	73.71551166940918
en-zh	Online-B	931	FALSE	chrf-B	68.63747886242672
en-zh	Online-B	931	FALSE	COMET-A	0.6176380451547351
en-zh	Online-B	931	FALSE	bleu-A	49.10387901409546
en-zh	Online-B	931	FALSE	chrf-A	44.351488210416704
en-zh	AISP-SJTU	611	TRUE	bleu-all	67.61044188111215
en-zh	AISP-SJTU	611	TRUE	chrf-all	55.39148083814129
en-zh	AISP-SJTU	611	TRUE	COMET-B	0.6664836893821017
en-zh	AISP-SJTU	611	TRUE	bleu-B	57.29873484988515
en-zh	AISP-SJTU	611	TRUE	chrf-B	50.90459518260292
en-zh	AISP-SJTU	611	TRUE	COMET-A	0.5653861243018097
en-zh	AISP-SJTU	611	TRUE	bleu-A	48.82092377231662
en-zh	AISP-SJTU	611	TRUE	chrf-A	43.89436577430813
en-zh	JDExploreAcademy	834	TRUE	bleu-all	68.41594190479269
en-zh	JDExploreAcademy	834	TRUE	chrf-all	55.84723747882787
en-zh	JDExploreAcademy	834	TRUE	COMET-B	0.7064567662594464
en-zh	JDExploreAcademy	834	TRUE	bleu-B	57.60610734075075
en-zh	JDExploreAcademy	834	TRUE	chrf-B	51.11793290827039
en-zh	JDExploreAcademy	834	TRUE	COMET-A	0.6170271937851965
en-zh	JDExploreAcademy	834	TRUE	bleu-A	49.66888331550492
en-zh	JDExploreAcademy	834	TRUE	chrf-A	44.58112370067476
en-zh	Online-A	914	FALSE	bleu-all	68.55381516700815
en-zh	Online-A	914	FALSE	chrf-all	58.07388516450405
en-zh	Online-A	914	FALSE	COMET-B	0.7005788669708858
en-zh	Online-A	914	FALSE	bleu-B	60.739589398375195
en-zh	Online-A	914	FALSE	chrf-B	55.51708497700657
en-zh	Online-A	914	FALSE	COMET-A	0.5726844120192788
en-zh	Online-A	914	FALSE	bleu-A	46.43754018300024
en-zh	Online-A	914	FALSE	chrf-A	42.49906782678419
en-zh	Online-W	968	FALSE	bleu-all	61.96425033813055
en-zh	Online-W	968	FALSE	chrf-all	51.429729440293
en-zh	Online-W	968	FALSE	COMET-B	0.6952057509524423
en-zh	Online-W	968	FALSE	bleu-B	52.62875377402394
en-zh	Online-W	968	FALSE	chrf-B	47.74954996940846
en-zh	Online-W	968	FALSE	COMET-A	0.6095961767377284
en-zh	Online-W	968	FALSE	bleu-A	44.79923745508976
en-zh	Online-W	968	FALSE	chrf-A	41.08528084337021
en-zh	Online-G	878	FALSE	bleu-all	63.24517886938412
en-zh	Online-G	878	FALSE	chrf-all	52.42362146610302
en-zh	Online-G	878	FALSE	COMET-B	0.6247114002298624
en-zh	Online-G	878	FALSE	bleu-B	55.24351264604051
en-zh	Online-G	878	FALSE	chrf-B	49.75521078316333
en-zh	Online-G	878	FALSE	COMET-A	0.5119909530009016
en-zh	Online-G	878	FALSE	bleu-A	43.86318599271416
en-zh	Online-G	878	FALSE	chrf-A	39.3747809213807
en-zh	Online-Y	985	FALSE	bleu-all	68.27655351152941
en-zh	Online-Y	985	FALSE	chrf-all	56.95062798020384
en-zh	Online-Y	985	FALSE	COMET-B	0.7170305818202277
en-zh	Online-Y	985	FALSE	bleu-B	59.92667318673564
en-zh	Online-Y	985	FALSE	chrf-B	53.97546686073033
en-zh	Online-Y	985	FALSE	COMET-A	0.597327535433414
en-zh	Online-Y	985	FALSE	bleu-A	46.784827762309476
en-zh	Online-Y	985	FALSE	chrf-A	42.33207910814919
en-zh	LanguageX	716	FALSE	bleu-all	72.87791864588394
en-zh	LanguageX	716	FALSE	chrf-all	59.53159065810597
en-zh	LanguageX	716	FALSE	COMET-B	0.7153975552420699
en-zh	LanguageX	716	FALSE	bleu-B	59.834278088833244
en-zh	LanguageX	716	FALSE	chrf-B	53.057499085865125
en-zh	LanguageX	716	FALSE	COMET-A	0.6377816905793777
en-zh	LanguageX	716	FALSE	bleu-A	54.34599116781585
en-zh	LanguageX	716	FALSE	chrf-A	49.109316583272154
en-zh	HuaweiTSC	557	FALSE	bleu-all	73.33108020452242
en-zh	HuaweiTSC	557	FALSE	chrf-all	60.99698726095909
en-zh	HuaweiTSC	557	FALSE	COMET-B	0.7305850299833289
en-zh	HuaweiTSC	557	FALSE	bleu-B	64.42468869245211
en-zh	HuaweiTSC	557	FALSE	chrf-B	58.11343612711293
en-zh	HuaweiTSC	557	FALSE	COMET-A	0.5947821280376315
en-zh	HuaweiTSC	557	FALSE	bleu-A	49.73742588691469
en-zh	HuaweiTSC	557	FALSE	chrf-A	44.49959232996231
en-zh	DLUT	651	TRUE	bleu-all	63.87557257541952
en-zh	DLUT	651	TRUE	chrf-all	53.10563490959215
en-zh	DLUT	651	TRUE	COMET-B	0.6300432359846377
en-zh	DLUT	651	TRUE	bleu-B	55.394963291463
en-zh	DLUT	651	TRUE	chrf-B	50.06002153184082
en-zh	DLUT	651	TRUE	COMET-A	0.5208343765910973
en-zh	DLUT	651	TRUE	bleu-A	45.19403553252484
en-zh	DLUT	651	TRUE	chrf-A	41.25632676776003
en-zh	Manifold	336	TRUE	bleu-all	69.44551668897952
en-zh	Manifold	336	TRUE	chrf-all	57.668909260169144
en-zh	Manifold	336	TRUE	COMET-B	0.7115746278774815
en-zh	Manifold	336	TRUE	bleu-B	59.60881242221233
en-zh	Manifold	336	TRUE	chrf-B	54.28617731478601
en-zh	Manifold	336	TRUE	COMET-A	0.6013464519006982
en-zh	Manifold	336	TRUE	bleu-A	48.73508502961537
en-zh	Manifold	336	TRUE	chrf-A	44.235494715885814
cs-en	SHOPLINE-PL	819	TRUE	bleu-all	53.46725843568744
cs-en	SHOPLINE-PL	819	TRUE	chrf-all	70.11661922518287
cs-en	SHOPLINE-PL	819	TRUE	COMET-C	0.39616548425507686
cs-en	SHOPLINE-PL	819	TRUE	bleu-C	24.632148761734243
cs-en	SHOPLINE-PL	819	TRUE	chrf-C	53.197033518792345
cs-en	SHOPLINE-PL	819	TRUE	COMET-B	0.6113299701262512
cs-en	SHOPLINE-PL	819	TRUE	bleu-B	46.808954297009464
cs-en	SHOPLINE-PL	819	TRUE	chrf-B	69.1813324389709
cs-en	Lan-Bridge	585	FALSE	bleu-all	60.757823816796446
cs-en	Lan-Bridge	585	FALSE	chrf-all	74.62955644539274
cs-en	Lan-Bridge	585	FALSE	COMET-C	0.47246492630158915
cs-en	Lan-Bridge	585	FALSE	bleu-C	25.47160674817688
cs-en	Lan-Bridge	585	FALSE	chrf-C	53.99300752339972
cs-en	Lan-Bridge	585	FALSE	COMET-B	0.7176619417353106
cs-en	Lan-Bridge	585	FALSE	bleu-B	54.49191933766335
cs-en	Lan-Bridge	585	FALSE	chrf-B	73.96140518631455
cs-en	CUNI-DocTransformer	805	TRUE	bleu-all	57.87540619474177
cs-en	CUNI-DocTransformer	805	TRUE	chrf-all	72.96031764962731
cs-en	CUNI-DocTransformer	805	TRUE	COMET-C	0.45297577191859445
cs-en	CUNI-DocTransformer	805	TRUE	bleu-C	24.819180228500525
cs-en	CUNI-DocTransformer	805	TRUE	chrf-C	52.98507406581702
cs-en	CUNI-DocTransformer	805	TRUE	COMET-B	0.7058915554105886
cs-en	CUNI-DocTransformer	805	TRUE	bleu-B	51.89893444760154
cs-en	CUNI-DocTransformer	805	TRUE	chrf-B	72.21801403370293
cs-en	ALMAnaCH-Inria	703	TRUE	bleu-all	36.83743189201977
cs-en	ALMAnaCH-Inria	703	TRUE	chrf-all	58.343951521507464
cs-en	ALMAnaCH-Inria	703	TRUE	COMET-C	0.04900379194903769
cs-en	ALMAnaCH-Inria	703	TRUE	bleu-C	19.677450338274898
cs-en	ALMAnaCH-Inria	703	TRUE	chrf-C	48.26042128312338
cs-en	ALMAnaCH-Inria	703	TRUE	COMET-B	0.1925696629917671
cs-en	ALMAnaCH-Inria	703	TRUE	bleu-B	29.935984080400285
cs-en	ALMAnaCH-Inria	703	TRUE	chrf-B	56.94042283817362
cs-en	CUNI-Transformer	772	TRUE	bleu-all	57.59282612601657
cs-en	CUNI-Transformer	772	TRUE	chrf-all	72.3702763324322
cs-en	CUNI-Transformer	772	TRUE	COMET-C	0.4320306030915052
cs-en	CUNI-Transformer	772	TRUE	bleu-C	23.850672728553707
cs-en	CUNI-Transformer	772	TRUE	chrf-C	52.01505741596064
cs-en	CUNI-Transformer	772	TRUE	COMET-B	0.6915556331157416
cs-en	CUNI-Transformer	772	TRUE	bleu-B	51.61516591544041
cs-en	CUNI-Transformer	772	TRUE	chrf-B	71.74794282067558
cs-en	JDExploreAcademy	505	TRUE	bleu-all	60.898186249308125
cs-en	JDExploreAcademy	505	TRUE	chrf-all	75.04603571388454
cs-en	JDExploreAcademy	505	TRUE	COMET-C	0.48960950245787466
cs-en	JDExploreAcademy	505	TRUE	bleu-C	25.095074001007266
cs-en	JDExploreAcademy	505	TRUE	chrf-C	53.66867540991257
cs-en	JDExploreAcademy	505	TRUE	COMET-B	0.7473923785931004
cs-en	JDExploreAcademy	505	TRUE	bleu-B	54.938990356004396
cs-en	JDExploreAcademy	505	TRUE	chrf-B	74.43135950384374
cs-en	Online-A	898	FALSE	bleu-all	59.415151566359256
cs-en	Online-A	898	FALSE	chrf-all	74.07034655294493
cs-en	Online-A	898	FALSE	COMET-C	0.44341868127423506
cs-en	Online-A	898	FALSE	bleu-C	25.027060656002963
cs-en	Online-A	898	FALSE	chrf-C	53.40875357432711
cs-en	Online-A	898	FALSE	COMET-B	0.6976410933302005
cs-en	Online-A	898	FALSE	bleu-B	53.308149132996014
cs-en	Online-A	898	FALSE	chrf-B	73.41941035311619
cs-en	Online-W	958	FALSE	bleu-all	68.65728177757238
cs-en	Online-W	958	FALSE	chrf-all	79.69621118492485
cs-en	Online-W	958	FALSE	COMET-C	0.4564390067803514
cs-en	Online-W	958	FALSE	bleu-C	23.77854376721348
cs-en	Online-W	958	FALSE	chrf-C	52.03674116954091
cs-en	Online-W	958	FALSE	COMET-B	0.7750892159657666
cs-en	Online-W	958	FALSE	bleu-B	64.17943431566567
cs-en	Online-W	958	FALSE	chrf-B	79.33329180136322
cs-en	Online-G	862	FALSE	bleu-all	54.28041492786525
cs-en	Online-G	862	FALSE	chrf-all	71.0636942096018
cs-en	Online-G	862	FALSE	COMET-C	0.3881501450913428
cs-en	Online-G	862	FALSE	bleu-C	22.965395083217587
cs-en	Online-G	862	FALSE	chrf-C	52.09260211298972
cs-en	Online-G	862	FALSE	COMET-B	0.6297545763123678
cs-en	Online-G	862	FALSE	bleu-B	48.48260321065644
cs-en	Online-G	862	FALSE	chrf-B	70.3209059402352
cs-en	Online-Y	970	FALSE	bleu-all	50.96878514035962
cs-en	Online-Y	970	FALSE	chrf-all	68.76329656844375
cs-en	Online-Y	970	FALSE	COMET-C	0.351880678864587
cs-en	Online-Y	970	FALSE	bleu-C	23.07590360693888
cs-en	Online-Y	970	FALSE	chrf-C	51.50686439710442
cs-en	Online-Y	970	FALSE	COMET-B	0.5861495712177714
cs-en	Online-Y	970	FALSE	bleu-B	44.557783582332206
cs-en	Online-Y	970	FALSE	chrf-B	67.9267621551549
cs-en	Online-B	917	FALSE	bleu-all	60.60009271644303
cs-en	Online-B	917	FALSE	chrf-all	74.54193403086455
cs-en	Online-B	917	FALSE	COMET-C	0.4744910909344046
cs-en	Online-B	917	FALSE	bleu-C	25.491161682120783
cs-en	Online-B	917	FALSE	chrf-C	53.98073216894126
cs-en	Online-B	917	FALSE	COMET-B	0.7184034516579518
cs-en	Online-B	917	FALSE	bleu-B	54.301452764360675
cs-en	Online-B	917	FALSE	chrf-B	73.84301252717856
en-cs	Lan-Bridge	551	FALSE	bleu-all	53.360317266381976
en-cs	Lan-Bridge	551	FALSE	chrf-all	70.41024917599785
en-cs	Lan-Bridge	551	FALSE	COMET-C	0.7379417695693954
en-cs	Lan-Bridge	551	FALSE	bleu-C	25.878855765429627
en-cs	Lan-Bridge	551	FALSE	chrf-C	52.28075414311964
en-cs	Lan-Bridge	551	FALSE	COMET-B	0.9470223566177989
en-cs	Lan-Bridge	551	FALSE	bleu-B	45.55123652427675
en-cs	Lan-Bridge	551	FALSE	chrf-B	68.1569676214984
en-cs	CUNI-DocTransformer	800	TRUE	bleu-all	47.796441431315756
en-cs	CUNI-DocTransformer	800	TRUE	chrf-all	65.97228055250093
en-cs	CUNI-DocTransformer	800	TRUE	COMET-C	0.7223243326082218
en-cs	CUNI-DocTransformer	800	TRUE	bleu-C	25.242815595513992
en-cs	CUNI-DocTransformer	800	TRUE	chrf-C	50.820822346240824
en-cs	CUNI-DocTransformer	800	TRUE	COMET-B	0.9166240770055213
en-cs	CUNI-DocTransformer	800	TRUE	bleu-B	39.79320366573673
en-cs	CUNI-DocTransformer	800	TRUE	chrf-B	63.92186086636835
en-cs	CUNI-Transformer	761	TRUE	bleu-all	45.559153188314504
en-cs	CUNI-Transformer	761	TRUE	chrf-all	64.20920597186557
en-cs	CUNI-Transformer	761	TRUE	COMET-C	0.6861684322457763
en-cs	CUNI-Transformer	761	TRUE	bleu-C	24.54640302794947
en-cs	CUNI-Transformer	761	TRUE	chrf-C	50.05137205021438
en-cs	CUNI-Transformer	761	TRUE	COMET-B	0.8661317414246137
en-cs	CUNI-Transformer	761	TRUE	bleu-B	37.69787285647302
en-cs	CUNI-Transformer	761	TRUE	chrf-B	62.07517672511155
en-cs	JDExploreAcademy	829	TRUE	bleu-all	49.428304167282654
en-cs	JDExploreAcademy	829	TRUE	chrf-all	67.21232925169087
en-cs	JDExploreAcademy	829	TRUE	COMET-C	0.7783564491088653
en-cs	JDExploreAcademy	829	TRUE	bleu-C	25.519667129105265
en-cs	JDExploreAcademy	829	TRUE	chrf-C	51.82168889276279
en-cs	JDExploreAcademy	829	TRUE	COMET-B	0.9526880335695511
en-cs	JDExploreAcademy	829	TRUE	bleu-B	41.428396732148954
en-cs	JDExploreAcademy	829	TRUE	chrf-B	65.12457434396208
en-cs	Online-A	902	FALSE	bleu-all	49.08334015448944
en-cs	Online-A	902	FALSE	chrf-all	67.52357068655402
en-cs	Online-A	902	FALSE	COMET-C	0.7110379099503898
en-cs	Online-A	902	FALSE	bleu-C	24.512809953632665
en-cs	Online-A	902	FALSE	chrf-C	50.84755282785112
en-cs	Online-A	902	FALSE	COMET-B	0.921895958217127
en-cs	Online-A	902	FALSE	bleu-B	41.839464118762976
en-cs	Online-A	902	FALSE	chrf-B	65.75498336867506
en-cs	Online-W	960	FALSE	bleu-all	53.104664699853636
en-cs	Online-W	960	FALSE	chrf-all	70.4211667622714
en-cs	Online-W	960	FALSE	COMET-C	0.7930597314719892
en-cs	Online-W	960	FALSE	bleu-C	24.996776330689396
en-cs	Online-W	960	FALSE	chrf-C	51.8207331779043
en-cs	Online-W	960	FALSE	COMET-B	0.9783423808318731
en-cs	Online-W	960	FALSE	bleu-B	45.798134150370664
en-cs	Online-W	960	FALSE	chrf-B	68.19676908442585
en-cs	Online-G	866	FALSE	bleu-all	44.82846739292232
en-cs	Online-G	866	FALSE	chrf-all	64.60553427966957
en-cs	Online-G	866	FALSE	COMET-C	0.6145091559737921
en-cs	Online-G	866	FALSE	bleu-C	22.700336336236294
en-cs	Online-G	866	FALSE	chrf-C	49.01143581307298
en-cs	Online-G	866	FALSE	COMET-B	0.8229026672250656
en-cs	Online-G	866	FALSE	bleu-B	38.07279894633697
en-cs	Online-G	866	FALSE	chrf-B	62.76433546726364
en-cs	Online-Y	974	FALSE	bleu-all	44.69591275697907
en-cs	Online-Y	974	FALSE	chrf-all	64.45198924300904
en-cs	Online-Y	974	FALSE	COMET-C	0.6230083971440236
en-cs	Online-Y	974	FALSE	bleu-C	22.808896513556682
en-cs	Online-Y	974	FALSE	chrf-C	49.03302662720384
en-cs	Online-Y	974	FALSE	COMET-B	0.837088431692081
en-cs	Online-Y	974	FALSE	bleu-B	37.84680748680294
en-cs	Online-Y	974	FALSE	chrf-B	62.85223572846091
en-cs	Online-B	922	FALSE	bleu-all	56.457755054108
en-cs	Online-B	922	FALSE	chrf-all	71.29295575244628
en-cs	Online-B	922	FALSE	COMET-C	0.7664576546738457
en-cs	Online-B	922	FALSE	bleu-C	26.994782335997286
en-cs	Online-B	922	FALSE	chrf-C	52.66262309428015
en-cs	Online-B	922	FALSE	COMET-B	0.9747470944477945
en-cs	Online-B	922	FALSE	bleu-B	48.184630367007905
en-cs	Online-B	922	FALSE	chrf-B	68.975407433104
en-cs	CUNI-Bergamot	734	TRUE	bleu-all	46.23058119079547
en-cs	CUNI-Bergamot	734	TRUE	chrf-all	65.06876313619574
en-cs	CUNI-Bergamot	734	TRUE	COMET-C	0.7902706411699629
en-cs	CUNI-Bergamot	734	TRUE	bleu-C	24.44893863778511
en-cs	CUNI-Bergamot	734	TRUE	chrf-C	50.339939002314146
en-cs	CUNI-Bergamot	734	TRUE	COMET-B	0.9603870684847009
en-cs	CUNI-Bergamot	734	TRUE	bleu-B	38.62451383961301
en-cs	CUNI-Bergamot	734	TRUE	chrf-B	63.15232583793531
en-ru	Lan-Bridge	556	FALSE	bleu-all	32.602111076029324
en-ru	Lan-Bridge	556	FALSE	chrf-all	58.993676471722836
en-ru	Lan-Bridge	556	FALSE	COMET-A	0.6733712361897829
en-ru	Lan-Bridge	556	FALSE	bleu-A	32.602111076029324
en-ru	Lan-Bridge	556	FALSE	chrf-A	58.993676471722836
en-ru	PROMT	804	FALSE	bleu-all	30.57787118339487
en-ru	PROMT	804	FALSE	chrf-all	56.09449517605255
en-ru	PROMT	804	FALSE	COMET-A	0.6034277772862843
en-ru	PROMT	804	FALSE	bleu-A	30.57787118339487
en-ru	PROMT	804	FALSE	chrf-A	56.09449517605255
en-ru	Online-W	966	FALSE	bleu-all	32.40286657110904
en-ru	Online-W	966	FALSE	chrf-all	58.336508086559334
en-ru	Online-W	966	FALSE	COMET-A	0.7506146329195843
en-ru	Online-W	966	FALSE	bleu-A	32.40286657110904
en-ru	Online-W	966	FALSE	chrf-A	58.336508086559334
en-ru	Online-A	912	FALSE	bleu-all	33.07341431986359
en-ru	Online-A	912	FALSE	chrf-all	58.12043496825912
en-ru	Online-A	912	FALSE	COMET-A	0.6734709671854416
en-ru	Online-A	912	FALSE	bleu-A	33.07341431986359
en-ru	Online-A	912	FALSE	chrf-A	58.12043496825912
en-ru	JDExploreAcademy	509	TRUE	bleu-all	32.70615332991407
en-ru	JDExploreAcademy	509	TRUE	chrf-all	58.42299717692948
en-ru	JDExploreAcademy	509	TRUE	COMET-A	0.6964133184304425
en-ru	JDExploreAcademy	509	TRUE	bleu-A	32.70615332991407
en-ru	JDExploreAcademy	509	TRUE	chrf-A	58.42299717692948
en-ru	Online-G	876	FALSE	bleu-all	32.796297419813456
en-ru	Online-G	876	FALSE	chrf-all	59.4581330782871
en-ru	Online-G	876	FALSE	COMET-A	0.7313588799457955
en-ru	Online-G	876	FALSE	bleu-A	32.796297419813456
en-ru	Online-G	876	FALSE	chrf-A	59.4581330782871
en-ru	eTranslation	341	TRUE	bleu-all	29.83235587973859
en-ru	eTranslation	341	TRUE	chrf-all	55.84771298314838
en-ru	eTranslation	341	TRUE	COMET-A	0.5794793287832537
en-ru	eTranslation	341	TRUE	bleu-A	29.83235587973859
en-ru	eTranslation	341	TRUE	chrf-A	55.84771298314838
en-ru	Online-Y	983	FALSE	bleu-all	33.242611797954964
en-ru	Online-Y	983	FALSE	chrf-all	58.33388461723656
en-ru	Online-Y	983	FALSE	COMET-A	0.697662375937776
en-ru	Online-Y	983	FALSE	bleu-A	33.242611797954964
en-ru	Online-Y	983	FALSE	chrf-A	58.33388461723656
en-ru	Online-B	930	FALSE	bleu-all	34.928073744556734
en-ru	Online-B	930	FALSE	chrf-all	59.72133672978631
en-ru	Online-B	930	FALSE	COMET-A	0.7289843957735866
en-ru	Online-B	930	FALSE	bleu-A	34.928073744556734
en-ru	Online-B	930	FALSE	chrf-A	59.72133672978631
en-ru	SRPOL	265	TRUE	bleu-all	30.389956284259238
en-ru	SRPOL	265	TRUE	chrf-all	56.424454300417906
en-ru	SRPOL	265	TRUE	COMET-A	0.5972473051208796
en-ru	SRPOL	265	TRUE	bleu-A	30.389956284259238
en-ru	SRPOL	265	TRUE	chrf-A	56.424454300417906
en-ru	HuaweiTSC	680	TRUE	bleu-all	30.763658843117856
en-ru	HuaweiTSC	680	TRUE	chrf-all	56.10139276608188
en-ru	HuaweiTSC	680	TRUE	COMET-A	0.5919096273309279
en-ru	HuaweiTSC	680	TRUE	bleu-A	30.763658843117856
en-ru	HuaweiTSC	680	TRUE	chrf-A	56.10139276608188
en-de	OpenNMT	207	FALSE	bleu-all	48.39941920323298
en-de	OpenNMT	207	FALSE	chrf-all	66.6827090094498
en-de	OpenNMT	207	FALSE	COMET-B	0.5701306510614264
en-de	OpenNMT	207	FALSE	bleu-B	35.701541442175646
en-de	OpenNMT	207	FALSE	chrf-B	61.473261744605146
en-de	OpenNMT	207	FALSE	COMET-A	0.572088703386043
en-de	OpenNMT	207	FALSE	bleu-A	35.685103722891746
en-de	OpenNMT	207	FALSE	chrf-A	62.13486259873768
en-de	Lan-Bridge	549	FALSE	bleu-all	49.36538541585001
en-de	Lan-Bridge	549	FALSE	chrf-all	69.05064000009644
en-de	Lan-Bridge	549	FALSE	COMET-B	0.5826249986806511
en-de	Lan-Bridge	549	FALSE	bleu-B	36.46587677127627
en-de	Lan-Bridge	549	FALSE	chrf-B	63.66686038565125
en-de	Lan-Bridge	549	FALSE	COMET-A	0.5879164490049589
en-de	Lan-Bridge	549	FALSE	bleu-A	36.134392152672305
en-de	Lan-Bridge	549	FALSE	chrf-A	64.11493237699322
en-de	PROMT	694	FALSE	bleu-all	48.97223002558405
en-de	PROMT	694	FALSE	chrf-all	67.48741892285273
en-de	PROMT	694	FALSE	COMET-B	0.5527024397020268
en-de	PROMT	694	FALSE	bleu-B	36.008691975055726
en-de	PROMT	694	FALSE	chrf-B	62.16282169823043
en-de	PROMT	694	FALSE	COMET-A	0.5581852668749098
en-de	PROMT	694	FALSE	bleu-A	36.116654522316075
en-de	PROMT	694	FALSE	chrf-A	62.84557521639928
en-de	Online-W	959	FALSE	bleu-all	48.86212004452117
en-de	Online-W	959	FALSE	chrf-all	68.66382659444199
en-de	Online-W	959	FALSE	COMET-B	0.6439881599720826
en-de	Online-W	959	FALSE	bleu-B	35.27722624410067
en-de	Online-W	959	FALSE	chrf-B	62.72113918013845
en-de	Online-W	959	FALSE	COMET-A	0.6551905882297469
en-de	Online-W	959	FALSE	bleu-A	36.58370667998907
en-de	Online-W	959	FALSE	chrf-A	64.1299748105252
en-de	Online-A	901	FALSE	bleu-all	50.13444254157526
en-de	Online-A	901	FALSE	chrf-all	68.75909604442163
en-de	Online-A	901	FALSE	COMET-B	0.5998108446960158
en-de	Online-A	901	FALSE	bleu-B	37.227562714626245
en-de	Online-A	901	FALSE	chrf-B	63.58189084852527
en-de	Online-A	901	FALSE	COMET-A	0.6055939275209934
en-de	Online-A	901	FALSE	bleu-A	36.52531053341122
en-de	Online-A	901	FALSE	chrf-A	63.85528694212632
en-de	JDExploreAcademy	843	TRUE	bleu-all	51.61519048760195
en-de	JDExploreAcademy	843	TRUE	chrf-all	69.16373759705678
en-de	JDExploreAcademy	843	TRUE	COMET-B	0.6249749151048893
en-de	JDExploreAcademy	843	TRUE	bleu-B	38.1647303140197
en-de	JDExploreAcademy	843	TRUE	chrf-B	63.76862835250313
en-de	JDExploreAcademy	843	TRUE	COMET-A	0.6322178809007901
en-de	JDExploreAcademy	843	TRUE	bleu-A	37.79203841537659
en-de	JDExploreAcademy	843	TRUE	chrf-A	64.32161161984445
en-de	Online-G	865	FALSE	bleu-all	49.63768530570437
en-de	Online-G	865	FALSE	chrf-all	68.38439665836414
en-de	Online-G	865	FALSE	COMET-B	0.5925466710976821
en-de	Online-G	865	FALSE	bleu-B	36.584283625472715
en-de	Online-G	865	FALSE	chrf-B	63.105396201590615
en-de	Online-G	865	FALSE	COMET-A	0.6015642216272751
en-de	Online-G	865	FALSE	bleu-A	36.36749063013553
en-de	Online-G	865	FALSE	chrf-A	63.44155581688554
en-de	Online-Y	973	FALSE	bleu-all	50.510639068672376
en-de	Online-Y	973	FALSE	chrf-all	68.66073193031916
en-de	Online-Y	973	FALSE	COMET-B	0.6091561855818705
en-de	Online-Y	973	FALSE	bleu-B	37.176064594088494
en-de	Online-Y	973	FALSE	chrf-B	63.457200160780324
en-de	Online-Y	973	FALSE	COMET-A	0.6105909586550781
en-de	Online-Y	973	FALSE	bleu-A	36.98159020222119
en-de	Online-Y	973	FALSE	chrf-A	63.74646693226707
en-de	Online-B	920	FALSE	bleu-all	52.315299704513926
en-de	Online-B	920	FALSE	chrf-all	69.73902591213506
en-de	Online-B	920	FALSE	COMET-B	0.6191983084593501
en-de	Online-B	920	FALSE	bleu-B	38.29985899796457
en-de	Online-B	920	FALSE	chrf-B	64.1350187667009
en-de	Online-B	920	FALSE	COMET-A	0.6230004111274704
en-de	Online-B	920	FALSE	bleu-A	38.36852355513645
en-de	Online-B	920	FALSE	chrf-A	64.64010318069295
sah-ru	Online-G	877	FALSE	bleu-all	29.643884909609053
sah-ru	Online-G	877	FALSE	chrf-all	55.48800924209266
sah-ru	Online-G	877	FALSE	COMET-A	0.310610860456793
sah-ru	Online-G	877	FALSE	bleu-A	29.643884909609053
sah-ru	Online-G	877	FALSE	chrf-A	55.48800924209266
sah-ru	Lan-Bridge	603	TRUE	bleu-all	7.092932464412346
sah-ru	Lan-Bridge	603	TRUE	chrf-all	28.251563218813942
sah-ru	Lan-Bridge	603	TRUE	COMET-A	-0.7590328071014301
sah-ru	Lan-Bridge	603	TRUE	bleu-A	7.092932464412346
sah-ru	Lan-Bridge	603	TRUE	chrf-A	28.251563218813942
fr-de	Lan-Bridge	655	FALSE	bleu-all	41.77948646672354
fr-de	Lan-Bridge	655	FALSE	chrf-all	64.99482542907742
fr-de	Lan-Bridge	655	FALSE	COMET-A	0.5114274775193389
fr-de	Lan-Bridge	655	FALSE	bleu-A	41.77948646672354
fr-de	Lan-Bridge	655	FALSE	chrf-A	64.99482542907742
fr-de	PROMT	41	FALSE	bleu-all	43.110928041837624
fr-de	PROMT	41	FALSE	chrf-all	66.00962630300565
fr-de	PROMT	41	FALSE	COMET-A	0.4777695051425045
fr-de	PROMT	41	FALSE	bleu-A	43.110928041837624
fr-de	PROMT	41	FALSE	chrf-A	66.00962630300565
fr-de	Online-W	963	FALSE	bleu-all	64.82023709224423
fr-de	Online-W	963	FALSE	chrf-all	81.19791064256982
fr-de	Online-W	963	FALSE	COMET-A	0.778968162360162
fr-de	Online-W	963	FALSE	bleu-A	64.82023709224423
fr-de	Online-W	963	FALSE	chrf-A	81.19791064256982
fr-de	Online-A	907	FALSE	bleu-all	44.39075479364754
fr-de	Online-A	907	FALSE	chrf-all	67.18868435442195
fr-de	Online-A	907	FALSE	COMET-A	0.5923373892156785
fr-de	Online-A	907	FALSE	bleu-A	44.39075479364754
fr-de	Online-A	907	FALSE	chrf-A	67.18868435442195
fr-de	Online-G	872	FALSE	bleu-all	41.05737057315134
fr-de	Online-G	872	FALSE	chrf-all	65.98930122244809
fr-de	Online-G	872	FALSE	COMET-A	0.48207108276048427
fr-de	Online-G	872	FALSE	bleu-A	41.05737057315134
fr-de	Online-G	872	FALSE	chrf-A	65.98930122244809
fr-de	eTranslation	385	TRUE	bleu-all	46.480215099509046
fr-de	eTranslation	385	TRUE	chrf-all	68.37060824801702
fr-de	eTranslation	385	TRUE	COMET-A	0.5539113378536665
fr-de	eTranslation	385	TRUE	bleu-A	46.480215099509046
fr-de	eTranslation	385	TRUE	chrf-A	68.37060824801702
fr-de	Online-Y	979	FALSE	bleu-all	45.0364343387293
fr-de	Online-Y	979	FALSE	chrf-all	67.46455893868266
fr-de	Online-Y	979	FALSE	COMET-A	0.6155112687979313
fr-de	Online-Y	979	FALSE	bleu-A	45.0364343387293
fr-de	Online-Y	979	FALSE	chrf-A	67.46455893868266
fr-de	Online-B	927	FALSE	bleu-all	46.64673771298601
fr-de	Online-B	927	FALSE	chrf-all	68.68888381116811
fr-de	Online-B	927	FALSE	COMET-A	0.6374775451865207
fr-de	Online-B	927	FALSE	bleu-A	46.64673771298601
fr-de	Online-B	927	FALSE	chrf-A	68.68888381116811
uk-en	Lan-Bridge	586	FALSE	bleu-all	44.578012847221395
uk-en	Lan-Bridge	586	FALSE	chrf-all	67.31958307819185
uk-en	Lan-Bridge	586	FALSE	COMET-A	0.6240428207466163
uk-en	Lan-Bridge	586	FALSE	bleu-A	44.578012847221395
uk-en	Lan-Bridge	586	FALSE	chrf-A	67.31958307819185
uk-en	PROMT	246	FALSE	bleu-all	42.0731095280428
uk-en	PROMT	246	FALSE	chrf-all	64.71428116872345
uk-en	PROMT	246	FALSE	COMET-A	0.49580706690592236
uk-en	PROMT	246	FALSE	bleu-A	42.0731095280428
uk-en	PROMT	246	FALSE	chrf-A	64.71428116872345
uk-en	ARC-NKUA	268	FALSE	bleu-all	41.86763518356924
uk-en	ARC-NKUA	268	FALSE	chrf-all	64.62667558607448
uk-en	ARC-NKUA	268	FALSE	COMET-A	0.49568442363897475
uk-en	ARC-NKUA	268	FALSE	bleu-A	41.86763518356924
uk-en	ARC-NKUA	268	FALSE	chrf-A	64.62667558607448
uk-en	ALMAnaCH-Inria	705	TRUE	bleu-all	29.952247117006234
uk-en	ALMAnaCH-Inria	705	TRUE	chrf-all	55.596010657044935
uk-en	ALMAnaCH-Inria	705	TRUE	COMET-A	0.2177270857859089
uk-en	ALMAnaCH-Inria	705	TRUE	bleu-A	29.952247117006234
uk-en	ALMAnaCH-Inria	705	TRUE	chrf-A	55.596010657044935
uk-en	Online-A	899	FALSE	bleu-all	42.28188516282904
uk-en	Online-A	899	FALSE	chrf-all	65.22819213266105
uk-en	Online-A	899	FALSE	COMET-A	0.5210211163163333
uk-en	Online-A	899	FALSE	bleu-A	42.28188516282904
uk-en	Online-A	899	FALSE	chrf-A	65.22819213266105
uk-en	Online-G	863	FALSE	bleu-all	43.22332240932899
uk-en	Online-G	863	FALSE	chrf-all	66.04921117744115
uk-en	Online-G	863	FALSE	COMET-A	0.5740344278492233
uk-en	Online-G	863	FALSE	bleu-A	43.22332240932899
uk-en	Online-G	863	FALSE	chrf-A	66.04921117744115
uk-en	Online-Y	971	FALSE	bleu-all	41.82219203585236
uk-en	Online-Y	971	FALSE	chrf-all	64.56689699357904
uk-en	Online-Y	971	FALSE	COMET-A	0.4975863718081587
uk-en	Online-Y	971	FALSE	bleu-A	41.82219203585236
uk-en	Online-Y	971	FALSE	chrf-A	64.56689699357904
uk-en	Online-B	918	FALSE	bleu-all	44.44955312293344
uk-en	Online-B	918	FALSE	chrf-all	67.22526681441796
uk-en	Online-B	918	FALSE	COMET-A	0.625420153938507
uk-en	Online-B	918	FALSE	bleu-A	44.44955312293344
uk-en	Online-B	918	FALSE	chrf-A	67.22526681441796
uk-en	HuaweiTSC	743	TRUE	bleu-all	41.63620507737864
uk-en	HuaweiTSC	743	TRUE	chrf-all	63.93133723448411
uk-en	HuaweiTSC	743	TRUE	COMET-A	0.5007379980401548
uk-en	HuaweiTSC	743	TRUE	bleu-A	41.63620507737864
uk-en	HuaweiTSC	743	TRUE	chrf-A	63.93133723448411
de-en	Lan-Bridge	587	FALSE	bleu-all	50.13946248617213
de-en	Lan-Bridge	587	FALSE	chrf-all	66.16213852395627
de-en	Lan-Bridge	587	FALSE	COMET-B	0.6358035662119472
de-en	Lan-Bridge	587	FALSE	bleu-B	36.97055931462179
de-en	Lan-Bridge	587	FALSE	chrf-B	62.34724311450578
de-en	Lan-Bridge	587	FALSE	COMET-A	0.5653264435137727
de-en	Lan-Bridge	587	FALSE	bleu-A	33.44883601899052
de-en	Lan-Bridge	587	FALSE	chrf-A	58.48292496873929
de-en	PROMT	796	FALSE	bleu-all	49.17553645386581
de-en	PROMT	796	FALSE	chrf-all	65.6377614906388
de-en	PROMT	796	FALSE	COMET-B	0.594072835800621
de-en	PROMT	796	FALSE	bleu-B	36.62617939192695
de-en	PROMT	796	FALSE	chrf-B	62.0828858947719
de-en	PROMT	796	FALSE	COMET-A	0.5175102248078122
de-en	PROMT	796	FALSE	bleu-A	32.50679446342163
de-en	PROMT	796	FALSE	chrf-A	57.7759481924252
de-en	LT22	605	TRUE	bleu-all	40.34858130305525
de-en	LT22	605	TRUE	chrf-all	58.39266432838206
de-en	LT22	605	TRUE	COMET-B	0.33346827433166665
de-en	LT22	605	TRUE	bleu-B	30.92594489437471
de-en	LT22	605	TRUE	chrf-B	55.659515742190045
de-en	LT22	605	TRUE	COMET-A	0.2555348535158461
de-en	LT22	605	TRUE	bleu-A	26.00705129445464
de-en	LT22	605	TRUE	chrf-A	51.27034282526635
de-en	Online-A	903	FALSE	bleu-all	50.1526734123992
de-en	Online-A	903	FALSE	chrf-all	66.35259714064726
de-en	Online-A	903	FALSE	COMET-B	0.6217384397778886
de-en	Online-A	903	FALSE	bleu-B	37.152226591769576
de-en	Online-A	903	FALSE	chrf-B	62.66620269050569
de-en	Online-A	903	FALSE	COMET-A	0.5448069530539215
de-en	Online-A	903	FALSE	bleu-A	33.2853977110808
de-en	Online-A	903	FALSE	chrf-A	58.427911323866624
de-en	JDExploreAcademy	809	TRUE	bleu-all	49.33030802184003
de-en	JDExploreAcademy	809	TRUE	chrf-all	65.79935172905495
de-en	JDExploreAcademy	809	TRUE	COMET-B	0.6349587975287689
de-en	JDExploreAcademy	809	TRUE	bleu-B	35.84183538182682
de-en	JDExploreAcademy	809	TRUE	chrf-B	61.76360784384796
de-en	JDExploreAcademy	809	TRUE	COMET-A	0.5795363075261365
de-en	JDExploreAcademy	809	TRUE	bleu-A	33.6991113934194
de-en	JDExploreAcademy	809	TRUE	chrf-A	58.54727820195846
de-en	Online-W	961	FALSE	bleu-all	48.79924845171131
de-en	Online-W	961	FALSE	chrf-all	65.40604064200296
de-en	Online-W	961	FALSE	COMET-B	0.6172625556317789
de-en	Online-W	961	FALSE	bleu-B	35.954890918705544
de-en	Online-W	961	FALSE	chrf-B	61.729768918989706
de-en	Online-W	961	FALSE	COMET-A	0.5432560816604358
de-en	Online-W	961	FALSE	bleu-A	32.55800352143171
de-en	Online-W	961	FALSE	chrf-A	57.72636427265462
de-en	Online-G	868	FALSE	bleu-all	49.666500767838684
de-en	Online-G	868	FALSE	chrf-all	66.29269557543948
de-en	Online-G	868	FALSE	COMET-B	0.6170772300834106
de-en	Online-G	868	FALSE	bleu-B	36.45942751679833
de-en	Online-G	868	FALSE	chrf-B	62.45850716207381
de-en	Online-G	868	FALSE	COMET-A	0.5521699398457478
de-en	Online-G	868	FALSE	bleu-A	33.65251607563512
de-en	Online-G	868	FALSE	chrf-A	58.67361717449294
de-en	Online-Y	975	FALSE	bleu-all	49.345116180520144
de-en	Online-Y	975	FALSE	chrf-all	65.68216928015381
de-en	Online-Y	975	FALSE	COMET-B	0.6135660191460873
de-en	Online-Y	975	FALSE	bleu-B	36.321325157066205
de-en	Online-Y	975	FALSE	chrf-B	61.94094709662781
de-en	Online-Y	975	FALSE	COMET-A	0.5458803239255964
de-en	Online-Y	975	FALSE	bleu-A	32.89833802327008
de-en	Online-Y	975	FALSE	chrf-A	58.04086128695525
de-en	Online-B	923	FALSE	bleu-all	49.73764264813526
de-en	Online-B	923	FALSE	chrf-all	65.68792348109912
de-en	Online-B	923	FALSE	COMET-B	0.6359352917220789
de-en	Online-B	923	FALSE	bleu-B	36.63816820590153
de-en	Online-B	923	FALSE	chrf-B	61.89915857436793
de-en	Online-B	923	FALSE	COMET-A	0.5693659320907412
de-en	Online-B	923	FALSE	bleu-A	33.25109007892432
de-en	Online-B	923	FALSE	chrf-A	58.283238322892736
ja-en	Online-Y	982	FALSE	bleu-all	21.475349951890895
ja-en	Online-Y	982	FALSE	chrf-all	48.19452697010476
ja-en	Online-Y	982	FALSE	COMET-A	0.3231824894892089
ja-en	Online-Y	982	FALSE	bleu-A	21.475349951890895
ja-en	Online-Y	982	FALSE	chrf-A	48.19452697010476
ja-en	Lan-Bridge	588	FALSE	bleu-all	22.803428445984956
ja-en	Lan-Bridge	588	FALSE	chrf-all	48.71067583875181
ja-en	Lan-Bridge	588	FALSE	COMET-A	0.31903878936592295
ja-en	Lan-Bridge	588	FALSE	bleu-A	22.803428445984956
ja-en	Lan-Bridge	588	FALSE	chrf-A	48.71067583875181
ja-en	NAIST-NICT-TIT	583	TRUE	bleu-all	22.67667334572326
ja-en	NAIST-NICT-TIT	583	TRUE	chrf-all	48.273796963512275
ja-en	NAIST-NICT-TIT	583	TRUE	COMET-A	0.33367546464212655
ja-en	NAIST-NICT-TIT	583	TRUE	bleu-A	22.67667334572326
ja-en	NAIST-NICT-TIT	583	TRUE	chrf-A	48.273796963512275
ja-en	Online-B	933	FALSE	bleu-all	24.725952645092192
ja-en	Online-B	933	FALSE	chrf-all	49.89130336253071
ja-en	Online-B	933	FALSE	COMET-A	0.3963698057014406
ja-en	Online-B	933	FALSE	bleu-A	24.725952645092192
ja-en	Online-B	933	FALSE	chrf-A	49.89130336253071
ja-en	NT5	766	FALSE	bleu-all	26.62946364708077
ja-en	NT5	766	FALSE	chrf-all	51.27811983389658
ja-en	NT5	766	FALSE	COMET-A	0.41994711381394373
ja-en	NT5	766	FALSE	bleu-A	26.62946364708077
ja-en	NT5	766	FALSE	chrf-A	51.27811983389658
ja-en	AISP-SJTU	615	TRUE	bleu-all	21.988923990397367
ja-en	AISP-SJTU	615	TRUE	chrf-all	48.01221891106593
ja-en	AISP-SJTU	615	TRUE	COMET-A	0.30142655680828034
ja-en	AISP-SJTU	615	TRUE	bleu-A	21.988923990397367
ja-en	AISP-SJTU	615	TRUE	chrf-A	48.01221891106593
ja-en	JDExploreAcademy	512	TRUE	bleu-all	25.608775604666462
ja-en	JDExploreAcademy	512	TRUE	chrf-all	50.13530054680254
ja-en	JDExploreAcademy	512	TRUE	COMET-A	0.40551057674985125
ja-en	JDExploreAcademy	512	TRUE	bleu-A	25.608775604666462
ja-en	JDExploreAcademy	512	TRUE	chrf-A	50.13530054680254
ja-en	Online-A	910	FALSE	bleu-all	22.77135031181244
ja-en	Online-A	910	FALSE	chrf-all	48.39103795307535
ja-en	Online-A	910	FALSE	COMET-A	0.3285605022006583
ja-en	Online-A	910	FALSE	bleu-A	22.77135031181244
ja-en	Online-A	910	FALSE	chrf-A	48.39103795307535
ja-en	Online-W	965	FALSE	bleu-all	27.756373652477805
ja-en	Online-W	965	FALSE	chrf-all	51.65996335808891
ja-en	Online-W	965	FALSE	COMET-A	0.41162080226365877
ja-en	Online-W	965	FALSE	bleu-A	27.756373652477805
ja-en	Online-W	965	FALSE	chrf-A	51.65996335808891
ja-en	Online-G	875	FALSE	bleu-all	19.74492426557425
ja-en	Online-G	875	FALSE	chrf-all	45.69827513285134
ja-en	Online-G	875	FALSE	COMET-A	0.22267981973361684
ja-en	Online-G	875	FALSE	bleu-A	19.74492426557425
ja-en	Online-G	875	FALSE	chrf-A	45.69827513285134
ja-en	KYB	842	TRUE	bleu-all	18.100009119514105
ja-en	KYB	842	TRUE	chrf-all	43.44970063202036
ja-en	KYB	842	TRUE	COMET-A	0.1732432445719007
ja-en	KYB	842	TRUE	bleu-A	18.100009119514105
ja-en	KYB	842	TRUE	chrf-A	43.44970063202036
ja-en	LanguageX	435	FALSE	bleu-all	22.357150433242758
ja-en	LanguageX	435	FALSE	chrf-all	49.07778292925159
ja-en	LanguageX	435	FALSE	COMET-A	0.3291149658356901
ja-en	LanguageX	435	FALSE	bleu-A	22.357150433242758
ja-en	LanguageX	435	FALSE	chrf-A	49.07778292925159
ja-en	AIST	759	FALSE	bleu-all	0.055004866427449325
ja-en	AIST	759	FALSE	chrf-all	11.360939132521013
ja-en	AIST	759	FALSE	COMET-A	-1.5269441785090474
ja-en	AIST	759	FALSE	bleu-A	0.055004866427449325
ja-en	AIST	759	FALSE	chrf-A	11.360939132521013
ja-en	DLUT	693	TRUE	bleu-all	24.822378538473103
ja-en	DLUT	693	TRUE	chrf-all	49.754905633333955
ja-en	DLUT	693	TRUE	COMET-A	0.37227455339862026
ja-en	DLUT	693	TRUE	bleu-A	24.822378538473103
ja-en	DLUT	693	TRUE	chrf-A	49.754905633333955
en-ja	Online-Y	981	FALSE	bleu-all	39.90484769808712
en-ja	Online-Y	981	FALSE	chrf-all	34.41856920643636
en-ja	Online-Y	981	FALSE	COMET-A	0.5680531672667026
en-ja	Online-Y	981	FALSE	bleu-A	39.90484769808712
en-ja	Online-Y	981	FALSE	chrf-A	34.41856920643636
en-ja	Lan-Bridge	555	FALSE	bleu-all	39.37844972717608
en-ja	Lan-Bridge	555	FALSE	chrf-all	34.109166185351334
en-ja	Lan-Bridge	555	FALSE	COMET-A	0.5653121332680485
en-ja	Lan-Bridge	555	FALSE	bleu-A	39.37844972717608
en-ja	Lan-Bridge	555	FALSE	chrf-A	34.109166185351334
en-ja	NAIST-NICT-TIT	581	TRUE	bleu-all	39.2050602814007
en-ja	NAIST-NICT-TIT	581	TRUE	chrf-all	33.7689641730139
en-ja	NAIST-NICT-TIT	581	TRUE	COMET-A	0.5332520690224937
en-ja	NAIST-NICT-TIT	581	TRUE	bleu-A	39.2050602814007
en-ja	NAIST-NICT-TIT	581	TRUE	chrf-A	33.7689641730139
en-ja	Online-B	929	FALSE	bleu-all	41.16595931964286
en-ja	Online-B	929	FALSE	chrf-all	35.51491749620489
en-ja	Online-B	929	FALSE	COMET-A	0.6078626590080936
en-ja	Online-B	929	FALSE	bleu-A	41.16595931964286
en-ja	Online-B	929	FALSE	chrf-A	35.51491749620489
en-ja	NT5	763	FALSE	bleu-all	42.53681228162083
en-ja	NT5	763	FALSE	chrf-all	36.847873300705146
en-ja	NT5	763	FALSE	COMET-A	0.6405718069154153
en-ja	NT5	763	FALSE	bleu-A	42.53681228162083
en-ja	NT5	763	FALSE	chrf-A	36.847873300705146
en-ja	AISP-SJTU	731	TRUE	bleu-all	39.32273112678565
en-ja	AISP-SJTU	731	TRUE	chrf-all	33.872810208283305
en-ja	AISP-SJTU	731	TRUE	COMET-A	0.5236742710735819
en-ja	AISP-SJTU	731	TRUE	bleu-A	39.32273112678565
en-ja	AISP-SJTU	731	TRUE	chrf-A	33.872810208283305
en-ja	JDExploreAcademy	516	TRUE	bleu-all	41.501589785019945
en-ja	JDExploreAcademy	516	TRUE	chrf-all	36.13660771880271
en-ja	JDExploreAcademy	516	TRUE	COMET-A	0.6512958811916992
en-ja	JDExploreAcademy	516	TRUE	bleu-A	41.501589785019945
en-ja	JDExploreAcademy	516	TRUE	chrf-A	36.13660771880271
en-ja	Online-A	909	FALSE	bleu-all	38.785517238506614
en-ja	Online-A	909	FALSE	chrf-all	34.05430559544178
en-ja	Online-A	909	FALSE	COMET-A	0.5360778241446191
en-ja	Online-A	909	FALSE	bleu-A	38.785517238506614
en-ja	Online-A	909	FALSE	chrf-A	34.05430559544178
en-ja	Online-W	964	FALSE	bleu-all	40.79592160364277
en-ja	Online-W	964	FALSE	chrf-all	35.2352774852142
en-ja	Online-W	964	FALSE	COMET-A	0.5976678115993768
en-ja	Online-W	964	FALSE	bleu-A	40.79592160364277
en-ja	Online-W	964	FALSE	chrf-A	35.2352774852142
en-ja	Online-G	874	FALSE	bleu-all	32.10176958989701
en-ja	Online-G	874	FALSE	chrf-all	27.973808586415387
en-ja	Online-G	874	FALSE	COMET-A	0.2492346695478444
en-ja	Online-G	874	FALSE	bleu-A	32.10176958989701
en-ja	Online-G	874	FALSE	chrf-A	27.973808586415387
en-ja	KYB	785	TRUE	bleu-all	33.10885531071452
en-ja	KYB	785	TRUE	chrf-all	28.56737133284083
en-ja	KYB	785	TRUE	COMET-A	0.31753404317702594
en-ja	KYB	785	TRUE	bleu-A	33.10885531071452
en-ja	KYB	785	TRUE	chrf-A	28.56737133284083
en-ja	LanguageX	676	FALSE	bleu-all	41.728634447761706
en-ja	LanguageX	676	FALSE	chrf-all	36.06556210905336
en-ja	LanguageX	676	FALSE	COMET-A	0.6205862681310538
en-ja	LanguageX	676	FALSE	bleu-A	41.728634447761706
en-ja	LanguageX	676	FALSE	chrf-A	36.06556210905336
en-ja	DLUT	789	TRUE	bleu-all	41.84090610073498
en-ja	DLUT	789	TRUE	chrf-all	36.05939485125966
en-ja	DLUT	789	TRUE	COMET-A	0.6047073384553969
en-ja	DLUT	789	TRUE	bleu-A	41.84090610073498
en-ja	DLUT	789	TRUE	chrf-A	36.05939485125966
zh-en	NiuTrans	847	TRUE	bleu-all	30.503917718304564
zh-en	NiuTrans	847	TRUE	chrf-all	57.20994949353059
zh-en	NiuTrans	847	TRUE	COMET-B	0.2225750508526961
zh-en	NiuTrans	847	TRUE	bleu-B	19.458623824216524
zh-en	NiuTrans	847	TRUE	chrf-B	51.15429368841128
zh-en	NiuTrans	847	TRUE	COMET-A	0.3127812832593918
zh-en	NiuTrans	847	TRUE	bleu-A	26.216305856774966
zh-en	NiuTrans	847	TRUE	chrf-A	55.99355695573055
zh-en	Lan-Bridge	386	FALSE	bleu-all	32.895904125029915
zh-en	Lan-Bridge	386	FALSE	chrf-all	59.09318497776893
zh-en	Lan-Bridge	386	FALSE	COMET-B	0.34039885613024234
zh-en	Lan-Bridge	386	FALSE	bleu-B	20.859937845933676
zh-en	Lan-Bridge	386	FALSE	chrf-B	52.6910390823685
zh-en	Lan-Bridge	386	FALSE	COMET-A	0.43011112412512303
zh-en	Lan-Bridge	386	FALSE	bleu-A	28.079284499064332
zh-en	Lan-Bridge	386	FALSE	chrf-A	57.842407068233335
zh-en	Online-B	935	FALSE	bleu-all	33.31616768556108
zh-en	Online-B	935	FALSE	chrf-all	59.389055871978144
zh-en	Online-B	935	FALSE	COMET-B	0.3281450343509515
zh-en	Online-B	935	FALSE	bleu-B	21.124339674380828
zh-en	Online-B	935	FALSE	chrf-B	52.8584214386222
zh-en	Online-B	935	FALSE	COMET-A	0.42078225417733195
zh-en	Online-B	935	FALSE	bleu-A	28.751150758655445
zh-en	Online-B	935	FALSE	chrf-A	58.22722799987478
zh-en	AISP-SJTU	648	TRUE	bleu-all	34.350397866152726
zh-en	AISP-SJTU	648	TRUE	chrf-all	60.54374358558632
zh-en	AISP-SJTU	648	TRUE	COMET-B	0.32788138477504253
zh-en	AISP-SJTU	648	TRUE	bleu-B	21.440466653310125
zh-en	AISP-SJTU	648	TRUE	chrf-B	53.80046551973954
zh-en	AISP-SJTU	648	TRUE	COMET-A	0.41626954987843834
zh-en	AISP-SJTU	648	TRUE	bleu-A	29.672001096480315
zh-en	AISP-SJTU	648	TRUE	chrf-A	59.21807932764297
zh-en	JDExploreAcademy	708	TRUE	bleu-all	37.88153292565133
zh-en	JDExploreAcademy	708	TRUE	chrf-all	62.39629388148348
zh-en	JDExploreAcademy	708	TRUE	COMET-B	0.35164007212618986
zh-en	JDExploreAcademy	708	TRUE	bleu-B	22.332039132461613
zh-en	JDExploreAcademy	708	TRUE	chrf-B	54.13879496792978
zh-en	JDExploreAcademy	708	TRUE	COMET-A	0.4508883850236734
zh-en	JDExploreAcademy	708	TRUE	bleu-A	33.5112357827098
zh-en	JDExploreAcademy	708	TRUE	chrf-A	61.14263599663137
zh-en	Online-A	915	FALSE	bleu-all	31.62291101852648
zh-en	Online-A	915	FALSE	chrf-all	58.42439238980456
zh-en	Online-A	915	FALSE	COMET-B	0.2598000600467126
zh-en	Online-A	915	FALSE	bleu-B	19.94542234118462
zh-en	Online-A	915	FALSE	chrf-B	52.07337620660414
zh-en	Online-A	915	FALSE	COMET-A	0.3515776797950268
zh-en	Online-A	915	FALSE	bleu-A	27.307322159377744
zh-en	Online-A	915	FALSE	chrf-A	57.31962774056907
zh-en	Online-W	969	FALSE	bleu-all	28.093682633928022
zh-en	Online-W	969	FALSE	chrf-all	55.63518734044642
zh-en	Online-W	969	FALSE	COMET-B	0.23051352273325126
zh-en	Online-W	969	FALSE	bleu-B	18.046707247371238
zh-en	Online-W	969	FALSE	chrf-B	49.947582686675034
zh-en	Online-W	969	FALSE	COMET-A	0.31625748409132165
zh-en	Online-W	969	FALSE	bleu-A	23.961170254077192
zh-en	Online-W	969	FALSE	chrf-A	54.53047420619804
zh-en	Online-G	879	FALSE	bleu-all	34.08525966057284
zh-en	Online-G	879	FALSE	chrf-all	60.869097521879524
zh-en	Online-G	879	FALSE	COMET-B	0.3624629287381967
zh-en	Online-G	879	FALSE	bleu-B	21.695894426535045
zh-en	Online-G	879	FALSE	chrf-B	54.0549264560134
zh-en	Online-G	879	FALSE	COMET-A	0.4556602006147305
zh-en	Online-G	879	FALSE	bleu-A	29.626046727962283
zh-en	Online-G	879	FALSE	chrf-A	59.7050172027813
zh-en	Online-Y	986	FALSE	bleu-all	31.127308999599993
zh-en	Online-Y	986	FALSE	chrf-all	58.6289833568899
zh-en	Online-Y	986	FALSE	COMET-B	0.3102005307962497
zh-en	Online-Y	986	FALSE	bleu-B	19.772223335404842
zh-en	Online-Y	986	FALSE	chrf-B	52.140233739424744
zh-en	Online-Y	986	FALSE	COMET-A	0.408013640020291
zh-en	Online-Y	986	FALSE	bleu-A	27.139352345201278
zh-en	Online-Y	986	FALSE	chrf-A	57.56056509851675
zh-en	LanguageX	219	FALSE	bleu-all	36.39884901732699
zh-en	LanguageX	219	FALSE	chrf-all	61.66638307178138
zh-en	LanguageX	219	FALSE	COMET-B	0.3529194972922405
zh-en	LanguageX	219	FALSE	bleu-B	22.093897871055372
zh-en	LanguageX	219	FALSE	chrf-B	54.225778217323096
zh-en	LanguageX	219	FALSE	COMET-A	0.44946248232920966
zh-en	LanguageX	219	FALSE	bleu-A	31.943488196169678
zh-en	LanguageX	219	FALSE	chrf-A	60.515175698626464
zh-en	HuaweiTSC	477	FALSE	bleu-all	34.34580485016078
zh-en	HuaweiTSC	477	FALSE	chrf-all	59.57689529476043
zh-en	HuaweiTSC	477	FALSE	COMET-B	0.33501463327109815
zh-en	HuaweiTSC	477	FALSE	bleu-B	21.700560031478872
zh-en	HuaweiTSC	477	FALSE	chrf-B	52.84930976395644
zh-en	HuaweiTSC	477	FALSE	COMET-A	0.4276159771879514
zh-en	HuaweiTSC	477	FALSE	bleu-A	29.81106410502997
zh-en	HuaweiTSC	477	FALSE	chrf-A	58.46735476710568
zh-en	DLUT	654	TRUE	bleu-all	29.01648219235171
zh-en	DLUT	654	TRUE	chrf-all	56.32169044043547
zh-en	DLUT	654	TRUE	COMET-B	0.21979212091962497
zh-en	DLUT	654	TRUE	bleu-B	18.596876194743587
zh-en	DLUT	654	TRUE	chrf-B	50.534953411871555
zh-en	DLUT	654	TRUE	COMET-A	0.30579593433439733
zh-en	DLUT	654	TRUE	bleu-A	24.981437204982416
zh-en	DLUT	654	TRUE	chrf-A	55.23821412006179
en-uk	Lan-Bridge	547	FALSE	bleu-all	29.475741764313213
en-uk	Lan-Bridge	547	FALSE	chrf-all	58.757163106646296
en-uk	Lan-Bridge	547	FALSE	COMET-A	0.6572942036191696
en-uk	Lan-Bridge	547	FALSE	bleu-A	29.475741764313213
en-uk	Lan-Bridge	547	FALSE	chrf-A	58.757163106646296
en-uk	PROMT	69	FALSE	bleu-all	25.50007513507382
en-uk	PROMT	69	FALSE	chrf-all	53.41068657963907
en-uk	PROMT	69	FALSE	COMET-A	0.48502183478338406
en-uk	PROMT	69	FALSE	bleu-A	25.50007513507382
en-uk	PROMT	69	FALSE	chrf-A	53.41068657963907
en-uk	ARC-NKUA	424	FALSE	bleu-all	25.185228734300242
en-uk	ARC-NKUA	424	FALSE	chrf-all	53.99855544167435
en-uk	ARC-NKUA	424	FALSE	COMET-A	0.49158899774742904
en-uk	ARC-NKUA	424	FALSE	bleu-A	25.185228734300242
en-uk	ARC-NKUA	424	FALSE	chrf-A	53.99855544167435
en-uk	Online-A	916	FALSE	bleu-all	27.997503596754164
en-uk	Online-A	916	FALSE	chrf-all	55.963358195876786
en-uk	Online-A	916	FALSE	COMET-A	0.608689484592924
en-uk	Online-A	916	FALSE	bleu-A	27.997503596754164
en-uk	Online-A	916	FALSE	chrf-A	55.963358195876786
en-uk	Online-G	864	FALSE	bleu-all	27.226193156449025
en-uk	Online-G	864	FALSE	chrf-all	57.235074831831
en-uk	Online-G	864	FALSE	COMET-A	0.6986896827365247
en-uk	Online-G	864	FALSE	bleu-A	27.226193156449025
en-uk	Online-G	864	FALSE	chrf-A	57.235074831831
en-uk	eTranslation	262	TRUE	bleu-all	26.197214083239714
en-uk	eTranslation	262	TRUE	chrf-all	54.82489722516005
en-uk	eTranslation	262	TRUE	COMET-A	0.5450227247175262
en-uk	eTranslation	262	TRUE	bleu-A	26.197214083239714
en-uk	eTranslation	262	TRUE	chrf-A	54.82489722516005
en-uk	Online-Y	972	FALSE	bleu-all	26.90312556449631
en-uk	Online-Y	972	FALSE	chrf-all	54.863523091153546
en-uk	Online-Y	972	FALSE	COMET-A	0.5191864301439121
en-uk	Online-Y	972	FALSE	bleu-A	26.90312556449631
en-uk	Online-Y	972	FALSE	chrf-A	54.863523091153546
en-uk	Online-B	919	FALSE	bleu-all	32.536065416347896
en-uk	Online-B	919	FALSE	chrf-all	59.27009221575913
en-uk	Online-B	919	FALSE	COMET-A	0.7320367135454992
en-uk	Online-B	919	FALSE	bleu-A	32.536065416347896
en-uk	Online-B	919	FALSE	chrf-A	59.27009221575913
en-uk	HuaweiTSC	742	TRUE	bleu-all	26.52396169293762
en-uk	HuaweiTSC	742	TRUE	chrf-all	54.78852301241515
en-uk	HuaweiTSC	742	TRUE	COMET-A	0.543966300246042
en-uk	HuaweiTSC	742	TRUE	bleu-A	26.52396169293762
en-uk	HuaweiTSC	742	TRUE	chrf-A	54.78852301241515
cs-uk	CUNI-JL-JH	490	TRUE	bleu-all	34.76515394923245
cs-uk	CUNI-JL-JH	490	TRUE	chrf-all	61.57123586337623
cs-uk	CUNI-JL-JH	490	TRUE	COMET-A	0.9003993517482759
cs-uk	CUNI-JL-JH	490	TRUE	bleu-A	34.76515394923245
cs-uk	CUNI-JL-JH	490	TRUE	chrf-A	61.57123586337623
cs-uk	AMU	647	TRUE	bleu-all	34.74180088785437
cs-uk	AMU	647	TRUE	chrf-all	61.53032092968835
cs-uk	AMU	647	TRUE	COMET-A	0.9941753770046207
cs-uk	AMU	647	TRUE	bleu-A	34.74180088785437
cs-uk	AMU	647	TRUE	chrf-A	61.53032092968835
cs-uk	Online-G	869	FALSE	bleu-all	32.49460950549214
cs-uk	Online-G	869	FALSE	chrf-all	60.78294018264357
cs-uk	Online-G	869	FALSE	COMET-A	0.8833357104095462
cs-uk	Online-G	869	FALSE	bleu-A	32.49460950549214
cs-uk	Online-G	869	FALSE	chrf-A	60.78294018264357
cs-uk	Online-Y	976	FALSE	bleu-all	32.094894533882695
cs-uk	Online-Y	976	FALSE	chrf-all	59.599251584431855
cs-uk	Online-Y	976	FALSE	COMET-A	0.7837372047305493
cs-uk	Online-Y	976	FALSE	bleu-A	32.094894533882695
cs-uk	Online-Y	976	FALSE	chrf-A	59.599251584431855
cs-uk	CUNI-Transformer	808	TRUE	bleu-all	35.01151463542339
cs-uk	CUNI-Transformer	808	TRUE	chrf-all	61.551688742172786
cs-uk	CUNI-Transformer	808	TRUE	COMET-A	0.8734975746963076
cs-uk	CUNI-Transformer	808	TRUE	bleu-A	35.01151463542339
cs-uk	CUNI-Transformer	808	TRUE	chrf-A	61.551688742172786
cs-uk	Online-B	924	FALSE	bleu-all	38.32490589913727
cs-uk	Online-B	924	FALSE	chrf-all	64.04844845969626
cs-uk	Online-B	924	FALSE	COMET-A	0.9426140675147503
cs-uk	Online-B	924	FALSE	bleu-A	38.32490589913727
cs-uk	Online-B	924	FALSE	chrf-A	64.04844845969626
cs-uk	HuaweiTSC	740	TRUE	bleu-all	35.965882165592475
cs-uk	HuaweiTSC	740	TRUE	chrf-all	62.58838523471768
cs-uk	HuaweiTSC	740	TRUE	COMET-A	0.9066998838162329
cs-uk	HuaweiTSC	740	TRUE	bleu-A	35.965882165592475
cs-uk	HuaweiTSC	740	TRUE	chrf-A	62.58838523471768
cs-uk	CharlesTranslator	513	FALSE	bleu-all	34.312472901274
cs-uk	CharlesTranslator	513	FALSE	chrf-all	61.548126305301366
cs-uk	CharlesTranslator	513	FALSE	COMET-A	0.907724485035812
cs-uk	CharlesTranslator	513	FALSE	bleu-A	34.312472901274
cs-uk	CharlesTranslator	513	FALSE	chrf-A	61.548126305301366
cs-uk	Online-A	904	FALSE	bleu-all	35.8683527475701
cs-uk	Online-A	904	FALSE	chrf-all	62.225313014577296
cs-uk	Online-A	904	FALSE	COMET-A	0.8784733960810335
cs-uk	Online-A	904	FALSE	bleu-A	35.8683527475701
cs-uk	Online-A	904	FALSE	chrf-A	62.225313014577296
cs-uk	Lan-Bridge	552	FALSE	bleu-all	38.250938597909105
cs-uk	Lan-Bridge	552	FALSE	chrf-all	63.96542659667029
cs-uk	Lan-Bridge	552	FALSE	COMET-A	0.918046881672516
cs-uk	Lan-Bridge	552	FALSE	bleu-A	38.250938597909105
cs-uk	Lan-Bridge	552	FALSE	chrf-A	63.96542659667029
cs-uk	ALMAnaCH-Inria	683	TRUE	bleu-all	26.84080188789713
cs-uk	ALMAnaCH-Inria	683	TRUE	chrf-all	54.481716610349665
cs-uk	ALMAnaCH-Inria	683	TRUE	COMET-A	0.6133207939121236
cs-uk	ALMAnaCH-Inria	683	TRUE	bleu-A	26.84080188789713
cs-uk	ALMAnaCH-Inria	683	TRUE	chrf-A	54.481716610349665
liv-en	Liv4ever	226	FALSE	bleu-all	23.341429867774
liv-en	Liv4ever	226	FALSE	chrf-all	46.72828531016586
liv-en	Liv4ever	226	FALSE	COMET-A	-0.4404482649727946
liv-en	Liv4ever	226	FALSE	bleu-A	23.341429867774
liv-en	Liv4ever	226	FALSE	chrf-A	46.72828531016586
liv-en	NiuTrans	538	TRUE	bleu-all	13.032085498137864
liv-en	NiuTrans	538	TRUE	chrf-all	35.61565485775783
liv-en	NiuTrans	538	TRUE	COMET-A	-0.8828483667357692
liv-en	NiuTrans	538	TRUE	bleu-A	13.032085498137864
liv-en	NiuTrans	538	TRUE	chrf-A	35.61565485775783
liv-en	TAL-SJTU	845	FALSE	bleu-all	30.406700431163458
liv-en	TAL-SJTU	845	FALSE	chrf-all	53.153526035164035
liv-en	TAL-SJTU	845	FALSE	COMET-A	-0.08362497447413347
liv-en	TAL-SJTU	845	FALSE	bleu-A	30.406700431163458
liv-en	TAL-SJTU	845	FALSE	chrf-A	53.153526035164035
liv-en	HuaweiTSC	739	FALSE	bleu-all	23.42506097097919
liv-en	HuaweiTSC	739	FALSE	chrf-all	48.41987276833137
liv-en	HuaweiTSC	739	FALSE	COMET-A	-0.2727831307399486
liv-en	HuaweiTSC	739	FALSE	bleu-A	23.42506097097919
liv-en	HuaweiTSC	739	FALSE	chrf-A	48.41987276833137
liv-en	TartuNLP	771	FALSE	bleu-all	29.894010692923466
liv-en	TartuNLP	771	FALSE	chrf-all	53.536141084504976
liv-en	TartuNLP	771	FALSE	COMET-A	-0.05780653892351048
liv-en	TartuNLP	771	FALSE	bleu-A	29.894010692923466
liv-en	TartuNLP	771	FALSE	chrf-A	53.536141084504976
ru-sah	Lan-Bridge	682	TRUE	bleu-all	0.016222263680599272
ru-sah	Lan-Bridge	682	TRUE	chrf-all	11.283216084985007
ru-sah	Lan-Bridge	682	TRUE	COMET-A	-1.2425253522895006
ru-sah	Lan-Bridge	682	TRUE	bleu-A	0.016222263680599272
ru-sah	Lan-Bridge	682	TRUE	chrf-A	11.283216084985007
ru-sah	Online-G	880	FALSE	bleu-all	14.683990058776502
ru-sah	Online-G	880	FALSE	chrf-all	46.95626194275247
ru-sah	Online-G	880	FALSE	COMET-A	-0.1714728144449468
ru-sah	Online-G	880	FALSE	bleu-A	14.683990058776502
ru-sah	Online-G	880	FALSE	chrf-A	46.95626194275247
uk-cs	CUNI-JL-JH	488	TRUE	bleu-all	35.09408141033798
uk-cs	CUNI-JL-JH	488	TRUE	chrf-all	58.66737815516084
uk-cs	CUNI-JL-JH	488	TRUE	COMET-A	0.8904066359628241
uk-cs	CUNI-JL-JH	488	TRUE	bleu-A	35.09408141033798
uk-cs	CUNI-JL-JH	488	TRUE	chrf-A	58.66737815516084
uk-cs	AMU	620	TRUE	bleu-all	37.02616888413179
uk-cs	AMU	620	TRUE	chrf-all	60.661849030503475
uk-cs	AMU	620	TRUE	COMET-A	1.0484742259978983
uk-cs	AMU	620	TRUE	bleu-A	37.02616888413179
uk-cs	AMU	620	TRUE	chrf-A	60.661849030503475
uk-cs	Online-G	870	FALSE	bleu-all	31.531683745031824
uk-cs	Online-G	870	FALSE	chrf-all	56.327142449287784
uk-cs	Online-G	870	FALSE	COMET-A	0.8419277747737967
uk-cs	Online-G	870	FALSE	bleu-A	31.531683745031824
uk-cs	Online-G	870	FALSE	chrf-A	56.327142449287784
uk-cs	Online-Y	977	FALSE	bleu-all	29.553422716917474
uk-cs	Online-Y	977	FALSE	chrf-all	55.32167940721211
uk-cs	Online-Y	977	FALSE	COMET-A	0.7860124885630535
uk-cs	Online-Y	977	FALSE	bleu-A	29.553422716917474
uk-cs	Online-Y	977	FALSE	chrf-A	55.32167940721211
uk-cs	CUNI-Transformer	515	TRUE	bleu-all	35.78308618879844
uk-cs	CUNI-Transformer	515	TRUE	chrf-all	59.01129359817493
uk-cs	CUNI-Transformer	515	TRUE	COMET-A	0.8850784636768982
uk-cs	CUNI-Transformer	515	TRUE	bleu-A	35.78308618879844
uk-cs	CUNI-Transformer	515	TRUE	chrf-A	59.01129359817493
uk-cs	Online-B	925	FALSE	bleu-all	36.405769632897
uk-cs	Online-B	925	FALSE	chrf-all	60.26021738660964
uk-cs	Online-B	925	FALSE	COMET-A	0.9646505085727568
uk-cs	Online-B	925	FALSE	bleu-A	36.405769632897
uk-cs	Online-B	925	FALSE	chrf-A	60.26021738660964
uk-cs	HuaweiTSC	741	TRUE	bleu-all	35.99037462199831
uk-cs	HuaweiTSC	741	TRUE	chrf-all	59.57330222629745
uk-cs	HuaweiTSC	741	TRUE	COMET-A	0.9144920102356381
uk-cs	HuaweiTSC	741	TRUE	bleu-A	35.99037462199831
uk-cs	HuaweiTSC	741	TRUE	chrf-A	59.57330222629745
uk-cs	CharlesTranslator	504	FALSE	bleu-all	35.878152446836765
uk-cs	CharlesTranslator	504	FALSE	chrf-all	59.01570547393644
uk-cs	CharlesTranslator	504	FALSE	COMET-A	0.9015898389362891
uk-cs	CharlesTranslator	504	FALSE	bleu-A	35.878152446836765
uk-cs	CharlesTranslator	504	FALSE	chrf-A	59.01570547393644
uk-cs	Online-A	905	FALSE	bleu-all	33.31875535591658
uk-cs	Online-A	905	FALSE	chrf-all	57.492770591029455
uk-cs	Online-A	905	FALSE	COMET-A	0.853571948546328
uk-cs	Online-A	905	FALSE	bleu-A	33.31875535591658
uk-cs	Online-A	905	FALSE	chrf-A	57.492770591029455
uk-cs	Lan-Bridge	553	FALSE	bleu-all	36.5066941237118
uk-cs	Lan-Bridge	553	FALSE	chrf-all	60.40638159351253
uk-cs	Lan-Bridge	553	FALSE	COMET-A	0.9453808269284634
uk-cs	Lan-Bridge	553	FALSE	bleu-A	36.5066941237118
uk-cs	Lan-Bridge	553	FALSE	chrf-A	60.40638159351253
uk-cs	ALMAnaCH-Inria	684	TRUE	bleu-all	25.26041859328006
uk-cs	ALMAnaCH-Inria	684	TRUE	chrf-all	50.69428044615698
uk-cs	ALMAnaCH-Inria	684	TRUE	COMET-A	0.6244632645773769
uk-cs	ALMAnaCH-Inria	684	TRUE	bleu-A	25.26041859328006
uk-cs	ALMAnaCH-Inria	684	TRUE	chrf-A	50.69428044615698
