t1_hofpuyp	1	10
t3_rmw6am	1	11
t3_rlke55	4	14
t1_hpps2dz	1	11
t3_qxpw5l	16	26
t3_rdc3rj	4	14
t1_hqorx78	16	26
t1_hnwfutv	1	10
t3_r56ntu	3	13
t3_qdm51k	9	19
t1_hogip6m	4	14
t1_hmhtjds	3	13
t1_hqh0ref	7	17
t1_ho5gymy	1	10
t1_h6c5bhv	6	16
t3_qle58z	10	20
t1_hnc2lkg	3	13
t3_rhxge7	7	17
newsweek.17333	11	21
smh.com.au.12471	7	17
metro.co.uk.11282	1	10
dailymail.co.uk.54769	9	19
voa-en.714470	7	17
independent.80403	7	17
rte.en.ie.26304	9	19
stv.tv.1681	7	17
parstoday-en.7759	4	14
guardian.44758	10	20
independent.80454	9	19
express.co.uk.29378	1	11
rt.com.18606	2	12
cnn.81799	1	8
abcnews.53992	5	15
parstoday-en.7787	2	12
standard.co.uk.46814	9	19
news.com.au.33709	1	4
pr-newswire.16452	8	18
en_zh-TW_CLIENT-05_2020-12-20-370_doc0	1	3
en_fr_CLIENT-02_default_2021-01-10-21_doc0	1	4
en_fr_CLIENT-02_default_2020-12-27-29_doc01	1	2
en_de_CLIENT-02_default_2021-02-07-1_doc0	1	6
en_zh-TW_CLIENT-05_2020-12-20-241_doc0	1	5
en_zh-TW_CLIENT-05_2020-12-20-323_doc0	1	3
en_fr_CLIENT-02_default_2020-12-27-14_doc0	1	4
en_zh-TW_CLIENT-05_2020-12-20-256_doc0	1	3
en_zh-TW_CLIENT-05_2020-12-13-353_doc03	1	2
en_fr_CLIENT-02_default_2020-12-27-29_doc012	1	2
en_de_CLIENT-01_default_2021-01-17-45_doc0	1	2
en_fr_CLIENT-02_default_2020-12-27-11_doc09	1	6
en_fr_CLIENT-02_default_2020-12-27-11_doc0	1	4
en_de_CLIENT-01_default_2021-01-10-61_doc0	1	2
en_fr_CLIENT-02_default_2021-01-17-9_doc0	1	4
en_de_CLIENT-01_default_2021-01-03-65_doc0	1	5
en_de_CLIENT-01_default_2021-01-10-37_doc0	1	2
en_de_CLIENT-01_default_2021-01-10-57_doc0	1	3
en_fr_CLIENT-02_default_2020-12-27-47_doc02	1	4
en_zh-TW_CLIENT-05_2020-12-20-162_doc0	1	3
en_fr_CLIENT-02_default_2020-12-20-16_doc06	2	12
en_zh-TW_CLIENT-05_2020-12-20-109_doc0	1	2
en_fr_CLIENT-02_default_2020-12-27-46_doc0	1	5
en_fr_CLIENT-02_default_2020-12-20-24_doc04	1	7
en_de_CLIENT-01_default_2021-01-31-36_doc0	1	4
en_fr_CLIENT-02_default_2020-12-27-27_doc0	1	8
en_de_CLIENT-01_default_2021-01-17-31_doc00	1	4
en_fr_CLIENT-02_default_2020-12-27-71_doc08	1	2
en_fr_CLIENT-02_default_2021-01-17-18_doc01	1	7
en_fr_CLIENT-02_default_2021-01-10-5_doc0	1	2
en_de_CLIENT-02_default_2021-01-31-3_doc05	4	14
en_de_CLIENT-02_default_2021-01-31-3_doc0	4	14
en_zh-TW_CLIENT-05_2020-12-20-205_doc0	1	3
en_fr_CLIENT-02_default_2020-12-20-24_doc0	1	7
en_de_CLIENT-01_default_2021-01-17-31_doc0	1	4
en_de_CLIENT-01_default_2021-01-10-61_doc05	1	1
en_fr_CLIENT-02_default_2021-01-10-5_doc05	1	7
en_fr_CLIENT-02_default_2020-12-20-16_doc0	1	4
en_fr_CLIENT-02_default_2020-12-27-46_doc08	1	10
en_fr_CLIENT-02_default_2021-01-03-49_doc0	1	9
ecommerce_en_13	11	21
ecommerce_en_8	6	16
ecommerce_en_29	2	12
ecommerce_en_30	4	14
ecommerce_en_43	8	18
ecommerce_en_49	1	11
ecommerce_en_17	6	16
ecommerce_en_47	6	16
ecommerce_en_46	9	19
ecommerce_en_27	3	13
ecommerce_en_36	7	17
ecommerce_en_28	18	28
ecommerce_en_7	2	12
ecommerce_en_9	2	12
ecommerce_en_33	8	18
ecommerce_en_26	1	11
ecommerce_en_52	10	20
ecommerce_en_10	1	11
