en_fr_CLIENT-02_default_2021-01-10-26_doc0	1	8
en_fr_CLIENT-02_default_2020-12-27-71_doc07	1	9
en_zh-TW_CLIENT-05_2020-12-20-101_doc0	1	3
en_zh-TW_CLIENT-05_2020-12-20-256_doc0	1	3
en_zh-TW_CLIENT-05_2020-12-20-44_doc0	1	3
en_fr_CLIENT-02_default_2021-01-03-29_doc01	2	12
en_zh-TW_CLIENT-05_2020-12-20-44_doc00	1	2
en_de_CLIENT-02_default_2021-01-10-6_doc0	1	3
en_fr_CLIENT-02_default_2020-12-20-16_doc0	1	4
en_de_CLIENT-01_default_2021-01-10-28_doc0	1	2
en_de_CLIENT-01_default_2021-01-17-31_doc0	1	4
en_de_CLIENT-01_default_2021-01-10-60_doc0	1	2
en_zh-TW_CLIENT-05_2020-12-13-353_doc03	1	2
en_zh-TW_CLIENT-05_2020-12-20-370_doc0	1	3
en_fr_CLIENT-02_default_2021-01-17-12_doc0	2	12
en_de_CLIENT-01_default_2021-01-31-36_doc0	1	4
en_de_CLIENT-02_default_2021-02-07-1_doc0	1	6
en_de_CLIENT-01_default_2021-01-10-61_doc05	1	1
en_fr_CLIENT-02_default_2020-12-20-16_doc06	1	11
en_zh-TW_CLIENT-05_2020-12-20-162_doc0	1	3
en_fr_CLIENT-02_default_2020-12-27-11_doc0	1	4
en_fr_CLIENT-02_default_2020-12-27-71_doc08	1	2
en_fr_CLIENT-02_default_2020-12-27-30_doc0	1	7
en_zh-TW_CLIENT-05_2020-12-20-24_doc0	1	5
en_fr_CLIENT-02_default_2020-12-27-14_doc0	1	4
en_fr_CLIENT-02_default_2020-12-27-47_doc0	1	8
en_fr_CLIENT-02_default_2020-12-20-34_doc0	1	8
en_fr_CLIENT-02_default_2021-01-10-5_doc05	1	7
en_fr_CLIENT-02_default_2021-01-10-21_doc0	1	4
en_zh-TW_CLIENT-05_2020-12-20-19_doc0	1	3
en_zh-TW_CLIENT-05_2020-12-20-268_doc0	1	4
en_zh-TW_CLIENT-05_2020-12-20-313_doc0	1	4
en_fr_CLIENT-02_default_2020-12-27-46_doc0	1	5
en_de_CLIENT-01_default_2020-12-20-12_doc0	1	3
en_zh-TW_CLIENT-05_2020-12-20-205_doc0	1	3
en_fr_CLIENT-02_default_2021-01-17-18_doc01	1	7
en_fr_CLIENT-02_default_2021-01-10-60_doc01	1	4
en_fr_CLIENT-02_default_2020-12-27-71_doc0	2	12
ecommerce_en_38	6	16
ecommerce_en_3	1	11
ecommerce_en_17	3	13
ecommerce_en_10	2	12
ecommerce_en_36	2	12
ecommerce_en_13	6	16
ecommerce_en_52	11	21
ecommerce_en_47	23	33
ecommerce_en_44	1	10
ecommerce_en_49	17	27
ecommerce_en_46	8	18
ecommerce_en_24	4	14
ecommerce_en_43	1	11
ecommerce_en_27	6	16
ecommerce_en_29	2	12
ecommerce_en_26	2	12
ecommerce_en_41	5	15
ecommerce_en_30	9	19
newsweek.17333	10	20
rt.com.18606	2	12
stv.tv.1681	5	15
smh.com.au.12471	2	12
pa.10292	6	16
abcnews.53992	1	11
parstoday-en.7787	2	12
rt.com.18637	1	10
standard.co.uk.46814	4	14
guardian.44758	4	14
egyptindependent.com.4763	3	13
euronews-en.19225	9	19
guardian.44781	7	17
brisbanetimes.com.au.47160	1	11
independent.80403	7	17
seattle_times.236488	1	8
rt.com.18622	5	15
pr-newswire.16452	3	13
t1_hq5yzno	3	13
t1_hqmpdbr	1	10
t1_hofpuyp	1	10
t1_hnwfutv	1	10
t3_rf6ys6	3	13
t3_rmw6am	5	15
t1_hogip6m	5	15
t1_hpps2dz	3	13
t1_hmhtjds	2	12
t1_h0856ek	6	16
t3_r43jsw	1	11
t3_rrrve5	1	10
t1_h6c5bhv	2	12
t3_rdc3rj	2	12
t3_rrv7a9	5	15
t1_hqh0ref	1	11
t1_gw0jefs	1	11
t3_q8vmve	1	10
