en_fr_CLIENT-02_default_2020-12-27-29_doc0	1	4
en_fr_CLIENT-02_default_2020-12-27-29_doc012	1	2
en_de_CLIENT-01_default_2021-01-10-61_doc05	1	1
en_zh-TW_CLIENT-05_2020-12-20-109_doc0	1	2
en_fr_CLIENT-02_default_2021-01-10-60_doc01	1	4
en_zh-TW_CLIENT-05_2020-12-20-40_doc0	1	2
en_fr_CLIENT-02_default_2020-12-27-46_doc0	1	5
en_fr_CLIENT-02_default_2021-01-17-31_doc0	1	4
en_fr_CLIENT-02_default_2020-12-27-29_doc01	1	2
en_zh-TW_CLIENT-05_2020-12-20-44_doc0	1	3
en_fr_CLIENT-02_default_2021-01-17-9_doc0	1	4
en_fr_CLIENT-02_default_2020-12-27-53_doc0	13	23
en_fr_CLIENT-02_default_2021-01-03-29_doc01	2	12
en_fr_CLIENT-02_default_2021-01-10-5_doc0	1	2
en_fr_CLIENT-02_default_2021-01-03-39_doc0	1	2
en_de_CLIENT-02_default_2021-02-21-7_doc0	1	7
en_fr_CLIENT-02_default_2020-12-27-11_doc03	1	10
en_de_CLIENT-02_default_2021-01-31-6_doc0	2	12
en_zh-TW_CLIENT-05_2020-12-20-19_doc0	1	3
en_fr_CLIENT-02_default_2021-01-03-29_doc0	1	7
en_fr_CLIENT-02_default_2021-01-17-12_doc0	1	11
en_de_CLIENT-01_default_2020-12-20-12_doc0	1	3
en_de_CLIENT-01_default_2021-01-10-37_doc0	1	2
en_zh-TW_CLIENT-05_2020-12-20-101_doc0	1	3
en_fr_CLIENT-02_default_2020-12-20-16_doc0	1	4
en_fr_CLIENT-02_default_2020-12-27-50_doc0	1	6
en_zh-TW_CLIENT-05_2020-12-20-256_doc0	1	3
en_fr_CLIENT-02_default_2020-12-27-23_doc0	1	5
en_fr_CLIENT-02_default_2021-01-10-21_doc0	1	4
en_zh-TW_CLIENT-05_2020-12-20-323_doc0	1	3
en_zh-TW_CLIENT-05_2020-12-20-221_doc0	1	4
en_fr_CLIENT-02_default_2021-01-10-60_doc0	1	2
en_zh-TW_CLIENT-05_2020-12-20-313_doc0	1	4
en_fr_CLIENT-02_default_2020-12-27-71_doc07	1	9
en_de_CLIENT-01_default_2021-01-10-60_doc0	1	2
en_zh-TW_CLIENT-05_2020-12-13-353_doc03	1	2
en_zh-TW_CLIENT-05_2020-12-13-353_doc0	1	2
en_fr_CLIENT-02_default_2021-01-10-26_doc0	1	8
en_de_CLIENT-01_default_2021-01-10-61_doc0	1	2
en_de_CLIENT-02_default_2021-01-10-6_doc0	1	3
en_zh-TW_CLIENT-05_2020-12-20-21_doc0	1	3
en_fr_CLIENT-02_default_2020-12-20-24_doc04	1	7
rt.com.18606	2	12
guardian.44781	1	11
voa-en.714470	5	15
rt.com.18622	1	11
independent.80454	9	19
rt.com.18637	1	10
newsweek.17333	1	11
abcnews.53861	6	16
news.com.au.33709	1	4
rte.en.ie.26277	14	24
euronews-en.19225	6	16
smh.com.au.12471	6	16
stv.tv.1681	5	15
guardian.44758	8	18
en.ndtv.com.58686	8	18
pr-newswire.16452	1	11
en.ndtv.com.58695	6	16
parstoday-en.7787	1	11
ecommerce_en_27	3	13
ecommerce_en_44	1	10
ecommerce_en_30	1	11
ecommerce_en_10	14	24
ecommerce_en_47	19	29
ecommerce_en_17	3	13
ecommerce_en_9	5	15
ecommerce_en_33	11	21
ecommerce_en_41	6	16
ecommerce_en_24	5	15
ecommerce_en_38	4	14
ecommerce_en_52	14	24
ecommerce_en_29	5	15
ecommerce_en_43	2	12
ecommerce_en_7	3	13
ecommerce_en_3	2	12
ecommerce_en_28	10	20
ecommerce_en_8	26	36
t3_rlke55	1	11
t3_r43jsw	3	13
t1_hqorx78	15	25
t1_hqmpdbr	1	10
t3_rrv7a9	6	16
t1_hofpuyp	1	10
t1_hiyjod1	1	10
t1_hpps2dz	4	14
t1_hnwfutv	1	10
t3_r56ntu	4	14
t1_hoh4p6r	2	12
t1_h6c5bhv	5	15
t3_rf6ys6	3	13
t1_hmhtjds	2	12
t3_rmw6am	3	13
t1_hqh0ref	5	15
t1_hmpp3wk	1	10
t1_hgehbqk	1	10
