en_fr_CLIENT-02_default_2020-12-27-50_doc0	1	6
en_zh-TW_CLIENT-05_2020-12-20-109_doc0	1	2
en_fr_CLIENT-02_default_2021-01-17-12_doc0	3	13
en_de_CLIENT-01_default_2021-02-14-9_doc0	1	4
en_de_CLIENT-01_default_2021-01-17-31_doc0	1	4
en_de_CLIENT-02_default_2021-01-31-3_doc01	1	9
en_de_CLIENT-01_default_2021-01-10-37_doc0	1	2
en_fr_CLIENT-02_default_2020-12-27-46_doc08	1	10
en_de_CLIENT-01_default_2021-01-03-65_doc0	1	5
en_fr_CLIENT-02_default_2020-12-20-16_doc0	1	4
en_fr_CLIENT-02_default_2021-01-10-26_doc0	1	8
en_de_CLIENT-01_default_2021-01-17-45_doc0	1	2
en_zh-TW_CLIENT-05_2020-12-13-353_doc03	1	2
en_fr_CLIENT-02_default_2020-12-27-14_doc04	1	8
en_fr_CLIENT-02_default_2020-12-27-30_doc0	1	7
en_fr_CLIENT-02_default_2021-01-10-5_doc05	1	7
en_de_CLIENT-01_default_2020-12-20-12_doc08	1	2
en_fr_CLIENT-02_default_2021-01-17-9_doc0	1	4
en_fr_CLIENT-02_default_2020-12-27-46_doc0	1	5
en_zh-TW_CLIENT-05_2020-12-20-221_doc0	1	4
en_fr_CLIENT-02_default_2020-12-20-18_doc0	1	5
en_fr_CLIENT-02_default_2020-12-20-16_doc06	3	13
en_zh-TW_CLIENT-05_2020-12-20-44_doc0	1	3
en_zh-TW_CLIENT-05_2020-12-20-268_doc0	1	4
en_fr_CLIENT-02_default_2020-12-27-71_doc0	3	13
en_fr_CLIENT-02_default_2020-12-27-11_doc0	1	4
en_fr_CLIENT-02_default_2021-01-10-60_doc0	1	2
en_fr_CLIENT-02_default_2021-01-10-60_doc01	1	4
en_fr_CLIENT-02_default_2020-12-27-71_doc07	1	9
en_de_CLIENT-01_default_2021-01-31-18_doc0	1	3
en_de_CLIENT-01_default_2021-01-10-57_doc0	1	3
en_fr_CLIENT-02_default_2021-01-17-18_doc0	1	5
en_zh-TW_CLIENT-05_2020-12-20-256_doc0	1	3
en_fr_CLIENT-02_default_2021-01-10-21_doc0	1	4
en_fr_CLIENT-02_default_2020-12-27-27_doc0	1	8
en_de_CLIENT-01_default_2020-12-20-12_doc0	1	3
independent.80454	3	13
news.com.au.33709	1	4
cnn.81799	1	8
metro.co.uk.11282	1	10
pa.10292	10	20
abcnews.53861	6	16
euronews-en.19225	1	11
rt.com.18622	3	13
express.co.uk.29378	5	15
seattle_times.236488	1	8
guardian.44781	7	17
standard.co.uk.46814	15	25
stv.tv.1681	3	13
independent.80403	1	11
parstoday-en.7787	2	12
smh.com.au.12471	3	13
dailymail.co.uk.54769	9	19
brisbanetimes.com.au.47160	1	11
abcnews.53992	5	15
ecommerce_en_30	13	23
ecommerce_en_44	1	10
ecommerce_en_49	11	21
ecommerce_en_3	5	15
ecommerce_en_8	7	17
ecommerce_en_36	23	33
ecommerce_en_27	10	20
ecommerce_en_28	16	26
ecommerce_en_17	5	15
ecommerce_en_38	4	14
ecommerce_en_52	4	14
ecommerce_en_33	14	24
ecommerce_en_43	3	13
ecommerce_en_24	4	14
ecommerce_en_13	2	12
ecommerce_en_7	12	22
ecommerce_en_41	6	16
ecommerce_en_46	9	19
t3_rmw6am	5	15
t1_ho5gymy	1	10
t1_h0856ek	6	16
t3_qle58z	5	15
t3_qdm51k	2	12
t1_gw0jefs	2	12
t3_rrv7a9	6	16
t1_hqorx78	5	15
t1_hqh0ref	6	16
t1_hq5yzno	5	15
t3_rdc3rj	1	11
t3_q8vmve	1	10
t1_hnwfutv	1	10
t1_hiyjod1	1	10
t1_h6c5bhv	13	23
t3_qxpw5l	2	12
t3_rlke55	3	13
t1_hpps2dz	3	13
