t1_hnc2lkg	1	11
t1_hqorx78	16	26
t1_hpps2dz	2	12
t3_rrv7a9	1	11
t1_ho5gymy	1	10
t1_hmhtjds	2	12
t3_rf6ys6	3	13
t1_hnwfutv	1	10
t3_qle58z	4	14
t3_rlke55	2	12
t3_r56ntu	15	25
t3_qxpw5l	8	18
t1_hqh0ref	9	19
t3_r43jsw	1	11
t1_hogip6m	1	11
t1_hmmguds	1	10
t3_rpx2w7	1	10
t1_h0856ek	3	13
rte.en.ie.26304	5	15
euronews-en.19225	3	13
parstoday-en.7759	2	12
standard.co.uk.46814	6	16
pa.10292	5	15
parstoday-en.7787	1	11
seattle_times.236488	1	8
egyptindependent.com.4763	6	16
en.ndtv.com.58686	10	20
news.com.au.33709	1	4
cnn.81799	1	8
abcnews.53992	5	15
rt.com.18606	2	12
guardian.44758	9	19
rte.en.ie.26277	2	12
rt.com.18622	4	14
dailymail.co.uk.54769	6	16
smh.com.au.12471	3	13
pr-newswire.16452	12	22
en_de_CLIENT-01_default_2021-01-10-61_doc05	1	1
en_fr_CLIENT-02_default_2020-12-27-29_doc012	1	2
en_zh-TW_CLIENT-05_2020-12-20-19_doc0	1	3
en_fr_CLIENT-02_default_2020-12-27-14_doc04	1	8
en_de_CLIENT-01_default_2021-01-10-57_doc0	1	3
en_de_CLIENT-01_default_2021-01-03-65_doc0	1	5
en_zh-TW_CLIENT-05_2020-12-20-323_doc0	1	3
en_zh-TW_CLIENT-05_2020-12-20-241_doc0	1	5
en_zh-TW_CLIENT-05_2020-12-20-44_doc00	1	2
en_zh-TW_CLIENT-05_2020-12-20-256_doc0	1	3
en_fr_CLIENT-02_default_2021-01-17-12_doc0	3	13
en_fr_CLIENT-02_default_2021-01-03-29_doc0	1	7
en_fr_CLIENT-02_default_2021-01-10-21_doc0	1	4
en_fr_CLIENT-02_default_2020-12-27-11_doc03	1	10
en_de_CLIENT-01_default_2021-01-31-18_doc0	1	3
en_fr_CLIENT-02_default_2020-12-27-46_doc0	1	5
en_de_CLIENT-02_default_2021-02-07-1_doc0	1	6
en_fr_CLIENT-02_default_2021-01-17-9_doc0	1	4
en_fr_CLIENT-02_default_2021-01-10-60_doc0	1	2
en_de_CLIENT-01_default_2021-01-24-19_doc0	1	3
en_fr_CLIENT-02_default_2020-12-27-30_doc0	1	7
en_fr_CLIENT-02_default_2020-12-20-24_doc04	1	7
en_fr_CLIENT-02_default_2020-12-27-29_doc01	1	2
en_zh-TW_CLIENT-05_2020-12-20-296_doc0	1	4
en_fr_CLIENT-02_default_2020-12-27-46_doc03	1	3
en_fr_CLIENT-02_default_2020-12-27-47_doc0	1	8
en_fr_CLIENT-02_default_2020-12-20-34_doc0	1	8
en_de_CLIENT-02_default_2021-01-31-3_doc0	1	11
en_de_CLIENT-01_default_2021-01-10-61_doc0	1	2
en_fr_CLIENT-02_default_2020-12-27-47_doc02	1	4
en_fr_CLIENT-02_default_2020-12-27-46_doc08	1	10
en_de_CLIENT-01_default_2021-02-14-9_doc0	1	4
en_fr_CLIENT-02_default_2021-01-17-31_doc0	1	4
en_zh-TW_CLIENT-05_2020-12-20-24_doc0	1	5
en_fr_CLIENT-02_default_2020-12-27-66_doc0	1	5
en_fr_CLIENT-02_default_2020-12-20-16_doc06	3	13
en_fr_CLIENT-02_default_2020-12-27-53_doc0	5	15
ecommerce_en_7	11	21
ecommerce_en_52	1	11
ecommerce_en_17	1	11
ecommerce_en_24	5	15
ecommerce_en_27	3	13
ecommerce_en_46	2	12
ecommerce_en_29	4	14
ecommerce_en_3	4	14
ecommerce_en_8	10	20
ecommerce_en_43	8	18
ecommerce_en_28	7	17
ecommerce_en_9	2	12
ecommerce_en_49	20	30
ecommerce_en_38	5	15
ecommerce_en_36	16	26
ecommerce_en_41	9	19
ecommerce_en_26	2	12
ecommerce_en_47	36	46
