en_fr_CLIENT-02_default_2020-12-20-24_doc0	1	7
en_fr_CLIENT-02_default_2020-12-27-29_doc012	1	2
en_de_CLIENT-01_default_2021-01-03-65_doc0	1	5
en_zh-TW_CLIENT-05_2020-12-20-44_doc0	1	3
en_zh-TW_CLIENT-05_2020-12-20-21_doc01	1	2
en_zh-TW_CLIENT-05_2020-12-20-323_doc0	1	3
en_de_CLIENT-01_default_2021-01-10-61_doc0	1	2
en_fr_CLIENT-02_default_2020-12-20-16_doc08	1	5
en_fr_CLIENT-02_default_2020-12-27-71_doc08	1	2
en_de_CLIENT-02_default_2021-01-31-3_doc05	8	18
en_de_CLIENT-02_default_2021-01-10-6_doc0	1	3
en_zh-TW_CLIENT-05_2020-12-20-313_doc0	1	4
en_fr_CLIENT-02_default_2021-01-03-29_doc0	1	7
en_fr_CLIENT-02_default_2020-12-27-46_doc08	1	10
en_fr_CLIENT-02_default_2020-12-27-66_doc0	1	5
en_fr_CLIENT-02_default_2020-12-27-29_doc0	1	4
en_de_CLIENT-02_default_2021-02-07-7_doc0	1	5
en_fr_CLIENT-02_default_2020-12-20-16_doc0	1	4
en_de_CLIENT-01_default_2021-01-10-25_doc0	1	4
en_de_CLIENT-02_default_2021-02-21-7_doc0	1	7
en_fr_CLIENT-02_default_2020-12-20-16_doc06	1	11
en_fr_CLIENT-02_default_2021-01-10-55_doc0	1	3
en_fr_CLIENT-02_default_2020-12-27-29_doc01	1	2
en_de_CLIENT-01_default_2021-01-17-45_doc0	1	2
en_fr_CLIENT-02_default_2021-01-17-18_doc0	1	5
en_fr_CLIENT-02_default_2020-12-27-46_doc03	1	3
en_zh-TW_CLIENT-05_2020-12-20-296_doc0	1	4
en_fr_CLIENT-02_default_2021-01-03-49_doc0	1	9
en_zh-TW_CLIENT-05_2020-12-13-353_doc0	1	2
en_de_CLIENT-01_default_2021-01-31-18_doc0	1	3
en_de_CLIENT-02_default_2021-01-31-3_doc0	1	11
en_zh-TW_CLIENT-05_2020-12-20-19_doc0	1	3
en_fr_CLIENT-02_default_2021-01-10-60_doc01	1	4
en_fr_CLIENT-02_default_2020-12-20-34_doc0	1	8
en_fr_CLIENT-02_default_2020-12-20-18_doc0	1	5
en_fr_CLIENT-02_default_2020-12-27-47_doc0	1	8
en_fr_CLIENT-02_default_2020-12-20-24_doc04	1	7
en_fr_CLIENT-02_default_2020-12-27-71_doc07	1	9
ecommerce_en_38	6	16
ecommerce_en_43	1	11
ecommerce_en_28	10	20
ecommerce_en_47	3	13
ecommerce_en_24	5	15
ecommerce_en_49	18	28
ecommerce_en_30	1	11
ecommerce_en_46	6	16
ecommerce_en_36	22	32
ecommerce_en_29	3	13
ecommerce_en_33	17	27
ecommerce_en_44	1	10
ecommerce_en_41	8	18
ecommerce_en_26	2	12
ecommerce_en_17	1	11
ecommerce_en_27	6	16
ecommerce_en_8	24	34
ecommerce_en_13	3	13
t1_hnwfutv	1	10
t1_hkc5no1	1	11
t3_qle58z	3	13
t3_q8vmve	1	10
t3_rmw6am	1	11
t3_rrv7a9	3	13
t1_hgehbqk	1	10
t1_hmmguds	1	10
t1_hogip6m	1	11
t1_hqmpdbr	1	10
t1_hpps2dz	2	12
t1_h6c5bhv	3	13
t3_rf6ys6	4	14
t1_ho5gymy	1	10
t1_hmhtjds	3	13
t1_hmpp3wk	1	10
t1_hoh4p6r	1	11
t3_r56ntu	13	23
standard.co.uk.46814	9	19
brisbanetimes.com.au.47160	2	12
rt.com.18622	3	13
guardian.44758	6	16
en.ndtv.com.58695	5	15
independent.80454	9	19
newsweek.17333	9	19
metro.co.uk.11282	1	10
en.ndtv.com.58686	5	15
parstoday-en.7787	2	12
smh.com.au.12471	6	16
parstoday-en.7759	1	11
abcnews.53861	2	12
pr-newswire.16452	4	14
rt.com.18606	1	11
cnn.81799	1	8
pa.10292	6	16
independent.80403	2	12
