en_fr_CLIENT-02_default_2020-12-27-46_doc03	1	3
en_zh-TW_CLIENT-05_2020-12-20-44_doc0	1	3
en_fr_CLIENT-02_default_2020-12-20-16_doc06	2	12
en_zh-TW_CLIENT-05_2020-12-13-353_doc03	1	2
en_fr_CLIENT-02_default_2020-12-27-23_doc0	1	5
en_fr_CLIENT-02_default_2021-01-03-29_doc01	1	11
en_fr_CLIENT-02_default_2020-12-27-29_doc01	1	2
en_fr_CLIENT-02_default_2021-01-17-31_doc0	1	4
en_zh-TW_CLIENT-05_2020-12-20-241_doc0	1	5
en_fr_CLIENT-02_default_2021-01-17-18_doc0	1	5
en_fr_CLIENT-02_default_2020-12-27-71_doc07	1	9
en_de_CLIENT-01_default_2021-01-10-28_doc0	1	2
en_fr_CLIENT-02_default_2020-12-27-47_doc0	1	8
en_zh-TW_CLIENT-05_2020-12-20-101_doc0	1	3
en_de_CLIENT-01_default_2020-12-20-12_doc08	1	2
en_fr_CLIENT-02_default_2021-01-17-18_doc01	1	7
en_de_CLIENT-01_default_2021-01-10-37_doc0	1	2
en_de_CLIENT-02_default_2021-01-10-6_doc0	1	3
en_de_CLIENT-01_default_2021-01-10-61_doc0	1	2
en_de_CLIENT-02_default_2021-01-31-3_doc0	2	12
en_fr_CLIENT-02_default_2021-01-10-21_doc0	1	4
en_de_CLIENT-01_default_2021-01-17-31_doc0	1	4
en_de_CLIENT-02_default_2021-01-31-3_doc05	5	15
en_de_CLIENT-02_default_2021-02-07-1_doc0	1	6
en_fr_CLIENT-02_default_2020-12-27-53_doc0	8	18
en_fr_CLIENT-02_default_2020-12-27-50_doc0	1	6
en_zh-TW_CLIENT-05_2020-12-20-19_doc0	1	3
en_zh-TW_CLIENT-05_2020-12-20-21_doc01	1	2
en_fr_CLIENT-02_default_2020-12-20-34_doc0	1	8
en_fr_CLIENT-02_default_2021-01-17-12_doc0	7	17
en_zh-TW_CLIENT-05_2020-12-20-256_doc0	1	3
en_fr_CLIENT-02_default_2020-12-27-11_doc09	1	6
en_zh-TW_CLIENT-05_2020-12-20-296_doc0	1	4
en_zh-TW_CLIENT-05_2020-12-13-353_doc0	1	2
en_fr_CLIENT-02_default_2020-12-27-11_doc03	1	10
ecommerce_en_47	10	20
ecommerce_en_38	5	15
ecommerce_en_43	6	16
ecommerce_en_30	13	23
ecommerce_en_3	1	11
ecommerce_en_36	19	29
ecommerce_en_46	9	19
ecommerce_en_28	19	29
ecommerce_en_44	1	10
ecommerce_en_13	7	17
ecommerce_en_26	2	12
ecommerce_en_8	11	21
ecommerce_en_33	1	11
ecommerce_en_52	12	22
ecommerce_en_27	12	22
ecommerce_en_41	3	13
ecommerce_en_10	3	13
ecommerce_en_17	6	16
t1_hnwfutv	1	10
t1_hogip6m	5	15
t3_rrv7a9	6	16
t3_r43jsw	2	12
t3_rhxge7	2	12
t1_hnc2lkg	4	14
t1_hmpp3wk	1	10
t3_rdc3rj	3	13
t1_hmmguds	1	10
t1_hoh4p6r	2	12
t1_hofpuyp	1	10
t1_ho5gymy	1	10
t1_hqh0ref	2	12
t3_qle58z	6	16
t3_rlke55	3	13
t3_qdm51k	3	13
t1_hiyjod1	1	10
t1_gw0jefs	1	11
rte.en.ie.26277	9	19
guardian.44781	6	16
voa-en.714470	5	15
metro.co.uk.11282	1	10
cnn.81799	1	8
independent.80403	2	12
parstoday-en.7759	3	13
brisbanetimes.com.au.47160	1	11
stv.tv.1681	3	13
egyptindependent.com.4763	1	11
en.ndtv.com.58686	13	23
news.com.au.33709	1	4
rt.com.18606	1	11
smh.com.au.12471	6	16
pr-newswire.16452	9	19
euronews-en.19225	2	12
rt.com.18637	1	10
newsweek.17333	14	24
parstoday-en.7787	2	12
