en_de_CLIENT-01_default_2021-01-10-60_doc0	1	2
en_fr_CLIENT-02_default_2020-12-27-29_doc01	1	2
en_zh-TW_CLIENT-05_2020-12-13-353_doc0	1	2
en_fr_CLIENT-02_default_2021-01-10-5_doc05	1	7
en_fr_CLIENT-02_default_2021-01-03-39_doc0	1	2
en_fr_CLIENT-02_default_2020-12-27-29_doc0	1	4
en_de_CLIENT-01_default_2021-01-17-45_doc0	1	2
en_fr_CLIENT-02_default_2020-12-20-24_doc04	1	7
en_zh-TW_CLIENT-05_2020-12-13-353_doc03	1	2
en_zh-TW_CLIENT-05_2020-12-20-205_doc0	1	3
en_de_CLIENT-01_default_2021-01-31-36_doc0	1	4
en_zh-TW_CLIENT-05_2020-12-20-40_doc0	1	2
en_zh-TW_CLIENT-05_2020-12-20-101_doc0	1	3
en_de_CLIENT-02_default_2021-01-31-6_doc0	2	12
en_de_CLIENT-02_default_2021-02-07-1_doc0	1	6
en_fr_CLIENT-02_default_2020-12-27-46_doc0	1	5
en_de_CLIENT-02_default_2021-02-21-7_doc0	1	7
en_fr_CLIENT-02_default_2021-01-17-18_doc01	1	7
en_zh-TW_CLIENT-05_2020-12-20-241_doc0	1	5
en_de_CLIENT-01_default_2020-12-20-12_doc08	1	2
en_de_CLIENT-02_default_2021-02-07-7_doc0	1	5
en_de_CLIENT-01_default_2021-01-10-61_doc0	1	2
en_de_CLIENT-01_default_2021-02-14-9_doc0	1	4
en_fr_CLIENT-02_default_2020-12-20-18_doc0	1	5
en_de_CLIENT-02_default_2021-01-31-3_doc01	1	9
en_fr_CLIENT-02_default_2020-12-20-24_doc0	1	7
en_fr_CLIENT-02_default_2020-12-27-29_doc012	1	2
en_zh-TW_CLIENT-05_2020-12-20-19_doc0	1	3
en_zh-TW_CLIENT-05_2020-12-20-355_doc0	1	3
en_fr_CLIENT-02_default_2020-12-27-14_doc0	1	4
en_de_CLIENT-02_default_2021-01-31-3_doc05	6	16
en_fr_CLIENT-02_default_2020-12-20-34_doc0	1	8
en_fr_CLIENT-02_default_2020-12-27-71_doc08	1	2
en_zh-TW_CLIENT-05_2020-12-20-313_doc0	1	4
en_zh-TW_CLIENT-05_2020-12-20-370_doc0	1	3
en_fr_CLIENT-02_default_2020-12-27-11_doc03	1	10
en_de_CLIENT-01_default_2021-01-10-28_doc0	1	2
en_de_CLIENT-01_default_2020-12-20-12_doc0	1	3
en_fr_CLIENT-02_default_2020-12-20-16_doc0	1	4
en_zh-TW_CLIENT-05_2020-12-20-21_doc0	1	3
en_zh-TW_CLIENT-05_2020-12-20-268_doc0	1	4
en_fr_CLIENT-02_default_2021-01-10-60_doc0	1	2
en_fr_CLIENT-02_default_2020-12-27-30_doc0	1	7
ecommerce_en_3	5	15
ecommerce_en_28	20	30
ecommerce_en_47	21	31
ecommerce_en_7	7	17
ecommerce_en_33	6	16
ecommerce_en_30	13	23
ecommerce_en_8	10	20
ecommerce_en_17	2	12
ecommerce_en_38	4	14
ecommerce_en_24	1	11
ecommerce_en_13	3	13
ecommerce_en_44	1	10
ecommerce_en_49	12	22
ecommerce_en_27	7	17
ecommerce_en_10	9	19
ecommerce_en_29	1	11
ecommerce_en_52	12	22
ecommerce_en_43	7	17
cnn.81799	1	8
en.ndtv.com.58695	5	15
egyptindependent.com.4763	8	18
seattle_times.236488	1	8
guardian.44758	2	12
dailymail.co.uk.54769	10	20
abcnews.53992	1	11
rt.com.18606	1	11
express.co.uk.29378	1	11
rt.com.18622	2	12
brisbanetimes.com.au.47160	2	12
euronews-en.19225	6	16
voa-en.714470	5	15
en.ndtv.com.58686	7	17
pr-newswire.16452	4	14
rte.en.ie.26277	14	24
stv.tv.1681	7	17
independent.80403	7	17
t3_r43jsw	1	11
t1_hqh0ref	7	17
t1_hmpp3wk	1	10
t1_hmmguds	1	10
t3_rdc3rj	4	14
t1_hogip6m	3	13
t1_hnwfutv	1	10
t3_rrv7a9	4	14
t1_ho5gymy	1	10
t1_gw0jefs	1	11
t3_rrrve5	1	10
t3_rlke55	2	12
t3_rhxge7	5	15
t1_h0856ek	4	14
t1_hmhtjds	3	13
t3_r56ntu	15	25
t1_hq5yzno	5	15
t1_hoh4p6r	1	11
