en_zh-TW_CLIENT-05_2020-12-20-44_doc00	1	2
en_zh-TW_CLIENT-05_2020-12-20-21_doc0	1	3
en_de_CLIENT-01_default_2021-01-17-31_doc0	1	4
en_fr_CLIENT-02_default_2021-01-10-60_doc01	1	4
en_fr_CLIENT-02_default_2021-01-17-31_doc0	1	4
en_zh-TW_CLIENT-05_2020-12-20-370_doc0	1	3
en_zh-TW_CLIENT-05_2020-12-20-21_doc01	1	2
en_de_CLIENT-02_default_2021-01-31-3_doc05	1	11
en_fr_CLIENT-02_default_2020-12-27-11_doc09	1	6
en_fr_CLIENT-02_default_2020-12-27-29_doc01	1	2
en_fr_CLIENT-02_default_2020-12-27-46_doc08	1	10
en_fr_CLIENT-02_default_2021-01-03-39_doc0	1	2
en_fr_CLIENT-02_default_2020-12-27-29_doc0	1	4
en_fr_CLIENT-02_default_2020-12-27-66_doc0	1	5
en_zh-TW_CLIENT-05_2020-12-20-109_doc0	1	2
en_de_CLIENT-01_default_2021-01-10-61_doc0	1	2
en_fr_CLIENT-02_default_2020-12-20-34_doc0	1	8
en_de_CLIENT-01_default_2021-01-10-54_doc0	1	1
en_de_CLIENT-01_default_2021-01-10-37_doc0	1	2
en_zh-TW_CLIENT-05_2020-12-20-205_doc0	1	3
en_fr_CLIENT-02_default_2020-12-27-23_doc0	1	5
en_zh-TW_CLIENT-05_2020-12-20-24_doc0	1	5
en_de_CLIENT-01_default_2021-01-10-60_doc0	1	2
en_de_CLIENT-01_default_2021-01-10-25_doc0	1	4
en_fr_CLIENT-02_default_2020-12-27-29_doc012	1	2
en_fr_CLIENT-02_default_2020-12-27-27_doc0	1	8
en_zh-TW_CLIENT-05_2020-12-20-101_doc0	1	3
en_fr_CLIENT-02_default_2020-12-27-11_doc0	1	4
en_zh-TW_CLIENT-05_2020-12-20-241_doc0	1	5
en_de_CLIENT-01_default_2021-01-17-31_doc00	1	4
en_zh-TW_CLIENT-05_2020-12-20-323_doc0	1	3
en_fr_CLIENT-02_default_2021-01-17-9_doc0	1	4
en_de_CLIENT-01_default_2021-01-31-18_doc0	1	3
en_fr_CLIENT-02_default_2020-12-27-71_doc07	1	9
en_de_CLIENT-02_default_2021-02-07-1_doc0	1	6
en_fr_CLIENT-02_default_2020-12-27-71_doc0	2	12
en_zh-TW_CLIENT-05_2020-12-20-221_doc0	1	4
en_fr_CLIENT-02_default_2020-12-27-47_doc0	1	8
en_de_CLIENT-02_default_2021-01-31-3_doc01	1	9
en_de_CLIENT-01_default_2021-01-10-57_doc0	1	3
en_zh-TW_CLIENT-05_2020-12-20-44_doc0	1	3
en_de_CLIENT-01_default_2021-01-10-28_doc0	1	2
en_fr_CLIENT-02_default_2021-01-03-29_doc01	2	12
ecommerce_en_28	21	31
ecommerce_en_30	13	23
ecommerce_en_13	9	19
ecommerce_en_29	5	15
ecommerce_en_43	8	18
ecommerce_en_26	1	11
ecommerce_en_38	5	15
ecommerce_en_33	13	23
ecommerce_en_44	1	10
ecommerce_en_46	4	14
ecommerce_en_9	3	13
ecommerce_en_27	13	23
ecommerce_en_41	10	20
ecommerce_en_10	4	14
ecommerce_en_17	4	14
ecommerce_en_49	7	17
ecommerce_en_24	5	15
ecommerce_en_47	41	51
en.ndtv.com.58686	1	11
rte.en.ie.26277	12	22
standard.co.uk.46814	5	15
guardian.44758	8	18
euronews-en.19225	1	11
newsweek.17333	10	20
seattle_times.236488	1	8
news.com.au.33709	1	4
pr-newswire.16452	16	26
rt.com.18606	2	12
brisbanetimes.com.au.47160	2	12
cnn.81799	1	8
rte.en.ie.26304	2	12
express.co.uk.29378	1	11
independent.80454	9	19
abcnews.53861	2	12
stv.tv.1681	3	13
pa.10292	12	22
en.ndtv.com.58695	1	11
t1_hogip6m	1	11
t1_hq5yzno	1	11
t3_qle58z	9	19
t1_hnc2lkg	2	12
t1_hmpp3wk	1	10
t1_hkc5no1	1	11
t1_h6c5bhv	9	19
t3_rlke55	1	11
t3_rdc3rj	3	13
t1_hiyjod1	1	10
t1_hmmguds	1	10
t3_rhxge7	4	14
t1_hofpuyp	1	10
t1_hqorx78	7	17
t1_hqmpdbr	1	10
t3_rmw6am	5	15
t1_h0856ek	5	15
t3_rrv7a9	7	17
