en_fr_CLIENT-02_default_2020-12-27-47_doc0	1	8
en_zh-TW_CLIENT-05_2020-12-20-256_doc0	1	3
en_fr_CLIENT-02_default_2020-12-27-11_doc0	1	4
en_de_CLIENT-01_default_2021-02-14-9_doc0	1	4
en_fr_CLIENT-02_default_2020-12-20-16_doc08	1	5
en_de_CLIENT-01_default_2021-01-31-18_doc0	1	3
en_fr_CLIENT-02_default_2020-12-27-30_doc0	1	7
en_fr_CLIENT-02_default_2020-12-27-29_doc0	1	4
en_zh-TW_CLIENT-05_2020-12-20-355_doc0	1	3
en_fr_CLIENT-02_default_2020-12-27-14_doc0	1	4
en_fr_CLIENT-02_default_2020-12-27-71_doc0	2	12
en_fr_CLIENT-02_default_2021-01-17-31_doc0	1	4
en_fr_CLIENT-02_default_2021-01-17-18_doc01	1	7
en_fr_CLIENT-02_default_2021-01-10-60_doc0	1	2
en_fr_CLIENT-02_default_2020-12-27-46_doc08	1	10
en_zh-TW_CLIENT-05_2020-12-13-353_doc0	1	2
en_fr_CLIENT-02_default_2021-01-03-49_doc0	1	9
en_de_CLIENT-01_default_2021-01-17-31_doc0	1	4
en_zh-TW_CLIENT-05_2020-12-20-44_doc00	1	2
en_zh-TW_CLIENT-05_2020-12-20-268_doc0	1	4
en_fr_CLIENT-02_default_2021-01-03-39_doc0	1	2
en_fr_CLIENT-02_default_2020-12-27-46_doc03	1	3
en_de_CLIENT-01_default_2021-01-10-28_doc0	1	2
en_de_CLIENT-01_default_2020-12-20-12_doc08	1	2
en_de_CLIENT-01_default_2021-01-10-57_doc0	1	3
en_de_CLIENT-02_default_2021-02-07-7_doc0	1	5
en_zh-TW_CLIENT-05_2020-12-20-313_doc0	1	4
en_zh-TW_CLIENT-05_2020-12-20-44_doc0	1	3
en_de_CLIENT-01_default_2020-12-20-12_doc0	1	3
en_de_CLIENT-01_default_2021-01-17-45_doc0	1	2
en_fr_CLIENT-02_default_2020-12-27-14_doc04	1	8
en_de_CLIENT-02_default_2021-01-31-3_doc05	3	13
en_fr_CLIENT-02_default_2020-12-20-34_doc0	1	8
en_fr_CLIENT-02_default_2021-01-10-21_doc0	1	4
en_de_CLIENT-01_default_2021-01-10-37_doc0	1	2
en_fr_CLIENT-02_default_2020-12-27-71_doc08	1	2
en_fr_CLIENT-02_default_2020-12-27-23_doc0	1	5
en_zh-TW_CLIENT-05_2020-12-13-353_doc03	1	2
en_fr_CLIENT-02_default_2020-12-20-24_doc0	1	7
en_fr_CLIENT-02_default_2020-12-27-29_doc012	1	2
en_fr_CLIENT-02_default_2020-12-27-46_doc0	1	5
en_fr_CLIENT-02_default_2021-01-17-9_doc0	1	4
ecommerce_en_27	13	23
ecommerce_en_30	5	15
ecommerce_en_8	19	29
ecommerce_en_47	4	14
ecommerce_en_44	1	10
ecommerce_en_26	1	11
ecommerce_en_9	5	15
ecommerce_en_13	11	21
ecommerce_en_10	6	16
ecommerce_en_7	3	13
ecommerce_en_41	5	15
ecommerce_en_46	3	13
ecommerce_en_17	6	16
ecommerce_en_28	10	20
ecommerce_en_38	6	16
ecommerce_en_36	2	12
ecommerce_en_33	10	20
ecommerce_en_49	17	27
stv.tv.1681	7	17
voa-en.714470	1	11
independent.80403	10	20
abcnews.53992	4	14
seattle_times.236488	1	8
cnn.81799	1	8
news.com.au.33709	1	4
rt.com.18606	1	11
euronews-en.19225	1	11
metro.co.uk.11282	1	10
independent.80454	4	14
express.co.uk.29378	3	13
rt.com.18637	1	10
rte.en.ie.26304	6	16
en.ndtv.com.58695	5	15
rte.en.ie.26277	4	14
newsweek.17333	10	20
standard.co.uk.46814	12	22
pa.10292	16	26
t1_h0856ek	6	16
t3_rdc3rj	4	14
t1_ho5gymy	1	10
t1_hiyjod1	1	10
t3_r56ntu	10	20
t1_h6c5bhv	12	22
t1_hnwfutv	1	10
t1_hofpuyp	1	10
t1_hoh4p6r	1	11
t3_rpx2w7	1	10
t3_q8vmve	1	10
t3_qle58z	8	18
t3_rrrve5	1	10
t1_hq5yzno	1	11
t1_hqorx78	17	27
t1_hmmguds	1	10
t3_rf6ys6	1	11
t1_gw0jefs	2	12
